Time [s],Rank 0
0.0,1.0
4.25e-06,1.0
0.088959987,0.81449047818226
0.173564491,0.788868138912973
0.258473486,0.78016716135732
0.342183781,0.775737926197497
0.425541092,0.772935339745288
0.507676559,0.770916578683029
0.588826747,0.769336010909092
0.674123195,0.768026780189929
0.764259721,0.766898643446624
0.852878602,0.765898510449999
0.933261261,0.764993047026073
1.024893463,0.764160205389432
1.107474276,0.763384768029753
1.189502947,0.762655851784256
1.269000718,0.761965435622938
1.358692921,0.761307453621874
1.449980479,0.760677214964248
1.536019507,0.760071020927896
1.619012028,0.759485904739216
1.70486596,0.75891945044055
1.785610093,0.75836966396122
1.869279212,0.757834879519127
1.950263247,0.757313690454873
2.032873588,0.756804897293887
2.117249626,0.756307468172572
2.201822698,0.755820508281377
2.291214729,0.75534323598107
2.375042394,0.754874963924713
2.463786112,0.754415083981408
2.549082019,0.75396305508078
2.637102391,0.753518393325294
2.729803083,0.753080663880946
2.808681579,0.752649474275387
2.891523954,0.75222446881953
2.978758867,0.751805323933189
3.063618669,0.751391744203686
3.147556337,0.750983459042924
3.234660689,0.75058021983639
3.321234429,0.75018179749904
3.404904281,0.749787980369714
3.489075757,0.749398572388817
3.571381968,0.749013391514241
3.650133901,0.748632268338697
3.736647633,0.748255044878106
3.81993354,0.74788157350595
3.902631823,0.747511716012687
3.989582822,0.747145342772767
4.072463366,0.746782332004583
4.152715966,0.746422569111001
4.247972255,0.746065946089976
4.328650285,0.745712361006368
4.412401704,0.745361717517338
4.503634616,0.745013924444828
4.586412964,0.744668895389508
4.668088241,0.744326548381385
4.750206679,0.743986805562867
4.838082257,0.743649592900685
4.920363169,0.743314839923485
5.003886583,0.742982479482366
5.087803433,0.742652447531912
5.172051847,0.742324682929645
5.253137597,0.741999127251987
5.344138384,0.741675724625127
5.428024012,0.741354421569311
5.51507869,0.74103516685528
5.600916815,0.740717911371709
5.68238721,0.740402608002623
5.763997147,0.740089211513884
5.849565972,0.73977767844794
5.93448882,0.739467967026102
6.023652034,0.739160037057698
6.106015436,0.738853849855526
6.194489884,0.738549368157059
6.29374748,0.738246556050945
6.378549378,0.737945378908365
6.461976441,0.73764580331885
6.541250807,0.73734779703022
6.629920265,0.737051328892316
6.715235957,0.736756368804228
6.798627427,0.736462887664775
6.882900989,0.736170857325967
6.965800446,0.735880250549258
7.057104902,0.735591040964356
7.141717866,0.735303203030446
7.225110499,0.735016711999616
7.304864981,0.73473154388236
7.387186667,0.734447675415008
7.478611271,0.734165084028941
7.565914822,0.73388374782149
7.64994792,0.733603645528394
7.733511276,0.733324756497718
7.817681088,0.733047060665145
7.902264534,0.732770538530534
7.984906758,0.732495171135695
8.066719031,0.732220940043273
8.147977408,0.731947827316692
8.237250074,0.731675815501098
8.3211866,0.731404887605219
8.406107292,0.731135027084113
8.488531505,0.730866217822735
8.571746147,0.730598444120277
8.656700698,0.730331690675251
8.739647784,0.730065942571248
8.825161843,0.729801185263361
8.907632011,0.729537404565212
8.993904548,0.729274586636568
9.075973221,0.729012717971504
9.159761535,0.728751785387084
9.245164599,0.728491776012531
9.339728122,0.728232677278876
9.435391007,0.727974476909029
9.517450119,0.727717162908284
9.600515828,0.727460723555214
9.685191266,0.727205147392945
9.771956958,0.726950423220784
9.858124673,0.726696540086194
9.939921961,0.726443487277084
10.028508607,0.726191254314411
10.106989587,0.725939830945076
10.191848547,0.72568920713509
10.277131634,0.725439373063016
10.362064364,0.725190319113652
10.445732041,0.724942035871967
10.531456605,0.724694514117253
10.616440773,0.724447744817508
10.70272668,0.72420171912402
10.783392292,0.723956428366149
10.867878483,0.723711864046313
10.951033358,0.723468017835136
11.036403476,0.723224881566785
11.117983965,0.722982447234468
11.202381372,0.722740706986091
11.285957377,0.722499653120068
11.368627335,0.722259278081276
11.451247789,0.722019574457147
11.537547979,0.721780534973904
11.620918241,0.721542152492911
11.703772343,0.721304420007155
11.786867992,0.721067330637843
11.869179665,0.720830877631112
11.953987236,0.720595054354847
12.037121103,0.720359854295607
12.120452655,0.720125271055641
12.205448631,0.719891298350012
12.293495594,0.719657930003805
12.373057063,0.719425159949428
12.458081805,0.719192982223994
12.543787114,0.718961390966785
12.626635534,0.718730380416806
12.715052299,0.718499944910393
12.798656489,0.718270078878917
12.877878956,0.718040776846542
12.962402073,0.717812033428056
13.045705039,0.717583843326772
13.126938378,0.717356201332482
13.20939291,0.717129102319478
13.286134473,0.716902541244632
13.373503856,0.716676513145526
13.464022653,0.716451013138643
13.550197023,0.716226036417606
13.631597998,0.716001578251469
13.714997928,0.715777633983055
13.800022339,0.715554199027344
13.880985917,0.715331268869904
13.96509966,0.715108839065366
14.046970488,0.714886905235943
14.128729799,0.714665463069984
14.212540053,0.71444450832058
14.291492439,0.714224036804191
14.375749633,0.714004044399326
14.459412308,0.71378452704525
14.538562278,0.713565480740724
14.622943698,0.713346901542786
14.702950633,0.713128785565557
14.785603812,0.712911128979084
14.870736553,0.712693928008207
14.958578915,0.71247717893146
15.064607677,0.712260878080003
15.15896717,0.71204502183657
15.257780482,0.711829606634459
15.345656311,0.711614628956536
15.460936623,0.711400085334266
15.55337887,0.711185972346776
15.652986171,0.710972286619931
15.745934303,0.710759024825441
15.8370697,0.710546183679982
15.92886622,0.710333759944349
16.012132993,0.710121750422618
16.092938346,0.709910151961338
16.181174405,0.709698961448738
16.265463202,0.70948817581395
16.353254166,0.70927779202626
16.454493346,0.709067807094365
16.541457114,0.708858218065658
16.625377081,0.708649022025523
16.705080507,0.708440216096646
16.797030841,0.70823179743835
16.88482836,0.708023763245936
16.9646251,0.707816110750043
17.052024151,0.707608837216027
17.141637733,0.707401939943343
17.228794826,0.707195416264953
17.314971943,0.70698926354674
17.39972122,0.706783479186938
17.483452393,0.706578060615574
17.568059743,0.706373005293919
17.651004294,0.706168310713962
17.73378192,0.705963974397878
17.8195915,0.705759993897526
17.91838665,0.705556366793945
18.004234639,0.705353090696866
18.09587557,0.705150163244235
18.185440239,0.704947582101743
18.272055685,0.704745344962372
18.360284668,0.70454344954594
18.44507944,0.704341893598671
18.540200207,0.704140674892757
18.626201469,0.703939791225944
18.715261646,0.703739240421114
18.797066742,0.703539020325888
18.880461129,0.703339128812227
18.963693402,0.703139563776046
19.054553575,0.702940323136836
19.144041227,0.70274140483729
19.229939842,0.702542806842943
19.314840217,0.702344527141814
19.39900981,0.702146563744054
19.485902825,0.701948914681608
19.569881478,0.701751578007877
19.659514514,0.70155455179739
19.744686997,0.701357834145482
19.837977377,0.701161423167976
19.919870115,0.700965317000874
20.006876322,0.700769513800055
20.094205993,0.700574011740975
20.178257242,0.700378809018374
20.265145477,0.700183903845992
20.347686518,0.699989294456286
20.434952954,0.699794979100155
20.518556021,0.699600956046667
20.602963973,0.699407223582799
20.687125296,0.699213780013169
20.772088206,0.699020623659787
20.856157427,0.698827752861802
20.938628046,0.698635165975252
21.022269401,0.69844286137283
21.106740288,0.698250837443637
21.190268743,0.69805909259296
21.269878683,0.697867625242034
21.352820929,0.697676433827823
21.438167753,0.697485516802796
21.520015417,0.697294872634715
21.599107965,0.697104499806419
21.683118581,0.696914396815615
21.772059814,0.696724562174675
21.851266004,0.696534994410434
21.935976643,0.696345692063991
22.018406859,0.696156653690515
22.101602758,0.695967877859055
22.180115641,0.695779363152353
22.264993044,0.695591108166655
22.349576389,0.695403111511536
22.428994377,0.695215371809719
22.512602356,0.695027887696899
22.59584341,0.694840657821573
22.679520908,0.694653680844868
22.763892717,0.694466955440379
22.849207627,0.694280480294003
22.928457087,0.694094254103778
23.026453968,0.693908275579726
23.109419036,0.693722543443698
23.191885886,0.69353705642922
23.273024888,0.693351813281345
23.364560617,0.693166812756501
23.446513955,0.692982053622353
23.531186195,0.692797534657651
23.615787692,0.692613254652099
23.699732667,0.692429212406206
23.789422956,0.692245406731162
23.875587563,0.692061836448695
23.957596529,0.691878500390943
24.040689081,0.691695397400323
24.13571528,0.691512526329407
24.224041777,0.691329886040791
24.306285052,0.691147475406977
24.389027026,0.690965293310247
24.466411931,0.690783338642549
24.551534318,0.690601610305372
24.633458609,0.690420107209636
24.71527015,0.690238828275576
24.797530825,0.690057772432629
24.880439764,0.689876938619326
24.966928157,0.689696325783178
25.049415124,0.689515932880576
25.129580303,0.68933575887668
25.213977429,0.689155802745316
25.293817078,0.688976063468876
25.375717734,0.688796540038216
25.452943082,0.688617231452555
25.54145223,0.688438136719381
25.626439886,0.68825925485435
25.708002023,0.688080584881197
25.792622133,0.687902125831637
25.873652164,0.687723876745277
25.957725815,0.687545836669521
26.041283849,0.687368004659486
26.123052942,0.687190379777912
26.207018354,0.687012961095072
26.290018904,0.686835747688692
26.379390037,0.686658738643863
26.460269501,0.686481933052958
26.544925955,0.686305330015552
26.632220856,0.686128928638344
26.714944247,0.685952728035069
26.798455082,0.68577672732643
26.881436819,0.685600925640013
26.966112296,0.685425322110214
27.049599286,0.685249915878166
27.131860844,0.685074706091661
27.21780345,0.684899691905079
27.297445013,0.68472487247932
27.379717255,0.684550246981723
27.464923485,0.684375814586009
27.551554878,0.684201574472201
27.633216724,0.684027525826565
27.717625918,0.683853667841534
27.80070138,0.683679999715651
27.885019926,0.683506520653498
27.967554622,0.683333229865633
28.052761644,0.683160126568527
28.133566286,0.682987209984503
28.216075474,0.682814479341672
28.301853261,0.682641933873871
28.38428072,0.682469572820609
28.475028655,0.682297395427002
28.556582081,0.682125400943715
28.649741581,0.681953588626907
28.73396194,0.681781957738175
28.818605023,0.681610507544494
28.901828065,0.681439237318163
28.986017724,0.681268146336753
29.070438495,0.681097233883049
29.160456378,0.680926499245
29.248878565,0.680755941715667
29.334944405,0.680585560593166
29.416796379,0.680415355180625
29.507281869,0.680245324786127
29.592194954,0.68007546872266
29.674734111,0.679905786308075
29.756898044,0.679736276865028
29.839740369,0.679566939720941
29.927177428,0.679397774207947
30.016089734,0.679228779662849
30.098219368,0.67905995542707
30.181250738,0.678891300846613
30.266225155,0.678722815272006
30.348991535,0.67855449805827
30.429782986,0.678386348564866
30.512557014,0.678218366155655
30.597165858,0.678050550198857
30.68458704,0.677882900067005
30.766480891,0.677715415136908
30.850878999,0.677548094789605
30.935223003,0.677380938410326
31.020051223,0.677213945388456
31.103164462,0.67704711511749
31.186598701,0.676880446994994
31.266041997,0.676713940422571
31.354469436,0.67654759480582
31.439070252,0.676381409554295
31.523049326,0.676215384081476
31.608086186,0.676049517804722
31.688640912,0.675883810145245
31.772168776,0.675718260528063
31.855078075,0.675552868381977
31.941993893,0.675387633139524
32.031986929,0.675222554236952
32.116505395,0.675057631114177
32.199927165,0.674892863214758
32.283625813,0.674728249985856
32.366285156,0.674563790878207
32.450572951,0.674399485346084
32.533441998,0.67423533284727
32.609831991,0.67407133284302
32.694767407,0.673907484798036
32.777185896,0.673743788180432
32.860772776,0.673580242461704
32.946252857,0.673416847116698
33.031172467,0.673253601623585
33.113588791,0.673090505463825
33.192732096,0.672927558122142
33.275225257,0.672764759086492
33.355267803,0.672602107848036
33.436971817,0.672439603901114
33.519793264,0.672277246743211
33.604131174,0.672115035874934
33.683887651,0.671952970799983
33.763722549,0.671791051025125
33.847692572,0.671629276060163
33.934008518,0.671467645417918
34.016948629,0.671306158614194
34.098787613,0.671144815167755
34.182953577,0.670983614600302
34.267464946,0.670822556436447
34.352035422,0.670661640203682
34.433509295,0.670500865432363
34.515545704,0.67034023165568
34.594834735,0.670179738409634
34.675990886,0.670019385233013
34.760676878,0.669859171667369
34.844847914,0.669699097256995
34.92945351,0.669539161548898
35.011858378,0.669379364092782
35.094715477,0.669219704441021
35.178829642,0.669060182148637
35.262589962,0.66890079677328
35.34587636,0.668741547875203
35.424092148,0.668582435017244
35.506476809,0.668423457764801
35.590065784,0.668264615685814
35.673782654,0.668105908350739
35.756736556,0.667947335332534
35.839064126,0.667788896206632
35.918753007,0.667630590550925
36.000720157,0.667472417945742
36.082597068,0.667314377973829
36.163439377,0.667156470220329
36.24802631,0.666998694272766
36.329736388,0.66684104972102
36.414047656,0.666683536157311
36.498947,0.666526153176181
36.582628017,0.666368900374472
36.667142163,0.666211777351314
36.749803741,0.666054783708097
36.832141936,0.66589791904846
36.915074479,0.665741182978273
36.997140967,0.665584575105616
37.082620827,0.665428095040761
37.165745312,0.66527174239616
37.248535497,0.665115516786421
37.334383415,0.664959417828296
37.418453198,0.664803445140662
37.503049102,0.664647598344504
37.588525024,0.6644918770629
37.667653154,0.664336280921002
37.752703264,0.664180809546023
37.836718992,0.664025462567218
37.919099985,0.663870239615871
38.001732166,0.663715140325277
38.084471524,0.663560164330728
38.164969489,0.663405311269496
38.247118207,0.663250580780818
38.32656465,0.663095972505883
38.409464819,0.662941486087816
38.493229548,0.66278712117166
38.578417627,0.662632877404366
38.660612601,0.662478754434777
38.743168817,0.662324751913611
38.821605354,0.662170869493452
38.905132557,0.662017106828731
38.990428173,0.661863463575714
39.073160916,0.661709939392488
39.158105283,0.661556533938947
39.240819112,0.66140324687678
39.324900681,0.661250077869457
39.410389392,0.661097026582213
39.492898099,0.660944092682038
39.577725877,0.660791275837663
39.666960927,0.660638575719547
39.757921221,0.660485991999865
39.851641001,0.660333524352492
39.938749242,0.660181172452997
40.02493594,0.660028935978623
40.107457637,0.65987681460828
40.190972872,0.659724808022531
40.273040202,0.659572915903579
40.352042954,0.659421137935257
40.434997397,0.659269473803016
40.520462403,0.65911792319391
40.604219355,0.658966485796589
40.684950006,0.658815161301285
40.765044342,0.6586639493998
40.846390792,0.658512849785495
40.928923394,0.658361862153282
41.011988041,0.658210986199608
41.097550682,0.658060221622446
41.178921528,0.657909568121287
41.259269518,0.657759025397124
41.344096735,0.657608593152445
41.427052732,0.657458271091221
41.510968961,0.657308058918896
41.592933704,0.657157956342375
41.67398734,0.657007963070018
41.76412556,0.656858078811625
41.847464248,0.656708303278426
41.932935218,0.656558636183077
42.017207557,0.656409077239642
42.09958841,0.656259626163588
42.178404992,0.656110282671776
42.262112079,0.655961046482445
42.34703636,0.655811917315213
42.431862093,0.655662894891055
42.516869245,0.655513978932306
42.599735215,0.655365169162641
42.682537047,0.655216465307072
42.764396598,0.655067867091937
42.849227584,0.654919374244892
42.931216664,0.6547709864949
43.012177946,0.654622703572224
43.094898341,0.654474525208416
43.178679047,0.654326451136312
43.260060949,0.654178481090019
43.340693795,0.654030614804907
43.431164972,0.653882852017604
43.513860218,0.653735192465986
43.595532769,0.653587635889164
43.678412671,0.653440182027483
43.760191166,0.65329283062251
43.844395498,0.653145581417023
43.93373996,0.652998434155009
44.015270694,0.652851388581652
44.097998896,0.652704444443327
44.180204916,0.652557601487589
44.262066823,0.652410859463168
44.346276207,0.652264218119961
44.427928651,0.652117677209023
44.512139499,0.651971236482562
44.594391474,0.651824895693927
44.678522708,0.651678654597604
44.76342599,0.651532512949209
44.851002841,0.651386470505476
44.935247717,0.651240527024257
45.016482319,0.651094682264507
45.101188657,0.650948935986283
45.18356092,0.650803287950733
45.26657903,0.65065773792009
45.348660904,0.650512285657666
45.430068614,0.650366930927844
45.51186047,0.650221673496073
45.603768236,0.650076513128855
45.689431178,0.649931449593749
45.783096663,0.649786482659352
45.867995786,0.649641612095303
45.950411548,0.649496837672268
46.033937769,0.649352159161941
46.116528414,0.64920757633703
46.199473105,0.649063088971256
46.286401933,0.648918696839346
46.36659678,0.648774399717022
46.45094319,0.648630197381002
46.536426258,0.648486089608988
46.620696221,0.64834207617966
46.70573668,0.648198156872675
46.787480334,0.648054331468655
46.87049661,0.647910599749185
46.954071222,0.647766961496804
47.039945431,0.647623416495001
47.12418307,0.647479964528209
47.204928635,0.647336605381798
47.286015016,0.647193338842071
47.368549472,0.647050164696255
47.450682694,0.646907082732499
47.533156761,0.646764092739868
47.616163926,0.646621194508333
47.708070479,0.64647838782877
47.789522151,0.646335672492954
47.871715512,0.646193048293551
47.95649995,0.646050515024116
48.041030424,0.645908072479083
48.120280344,0.645765720453763
48.200729668,0.64562345874434
48.283212274,0.645481287147861
48.367074749,0.645339205462236
48.451938049,0.645197213486228
48.537254574,0.64505531101945
48.616078052,0.644913497862363
48.701863847,0.644771773816265
48.784120313,0.644630138683289
48.868809271,0.6444885922664
48.952082289,0.644347134369384
49.03517018,0.644205764796852
49.128797827,0.644064483354226
49.211842168,0.64392328984774
49.303217167,0.643782184084432
49.387515485,0.643641165872144
49.471692254,0.64350023501951
49.55456949,0.643359391335957
49.63714029,0.643218634631699
49.721457001,0.643077964717731
49.806770388,0.642937381405825
49.888085986,0.642796884508528
49.973034693,0.642656473839153
50.061511066,0.642516149211777
50.141625317,0.642375910441237
50.226452915,0.642235757343124
50.311119402,0.642095689733781
50.392455999,0.641955707430295
50.476547602,0.641815810250498
50.561577476,0.641675998012955
50.654114451,0.641536270536969
50.740437494,0.641396627642568
50.823476081,0.641257069150508
50.906200264,0.641117594882263
50.988846417,0.640978204660025
51.071423993,0.6408388983067
51.150957366,0.640699675645898
51.239990942,0.640560536501937
51.324493772,0.640421480699834
51.409563999,0.640282508065303
51.49513985,0.640143618424749
51.577001006,0.640004811605266
51.65639997,0.639866087434634
51.74009545,0.639727445741312
51.825153038,0.639588886354435
51.907212089,0.639450409103814
51.990129276,0.639312013819926
52.073517218,0.639173700333915
52.153613067,0.639035468477588
52.233904888,0.638897318083408
52.315370412,0.638759248984492
52.398254373,0.63862126101461
52.480419629,0.638483354008178
52.562208046,0.638345527800254
52.644560864,0.638207782226539
52.726582188,0.638070117123366
52.819684345,0.637932532327706
52.902592332,0.637795027677157
52.98512356,0.63765760300994
53.067444535,0.637520258164903
53.151707231,0.637382992981511
53.233921119,0.637245807299845
53.315152865,0.637108700960597
53.398525401,0.636971673805069
53.485869195,0.636834725675169
53.571040585,0.636697856413407
53.657108289,0.636561065862891
53.738208121,0.636424353867326
53.81826521,0.636287720271009
53.900221715,0.636151164918825
53.985589367,0.636014687656248
54.066605436,0.635878288329332
54.14654703,0.635741966784713
54.234240419,0.635605722869602
54.317411321,0.635469556431785
54.40139725,0.635333467319617
54.482706233,0.635197455382021
54.565010659,0.635061520468486
54.646438978,0.634925662429061
54.729276362,0.634789881114351
54.818186934,0.634654176375522
54.903235441,0.634518548064287
54.982889633,0.634382996032912
55.065205235,0.634247520134208
55.150686198,0.63411212022153
55.235098379,0.633976796148775
55.32014469,0.633841547770375
55.401990961,0.633706374941302
55.49083908,0.633571277517055
55.572752245,0.633436255353666
55.658622054,0.633301308307693
55.742031846,0.633166436236218
55.825024167,0.633031638996845
55.909914339,0.632896916447694
55.994486919,0.632762268447404
56.079758319,0.632627694855125
56.163699626,0.632493195530518
56.246788058,0.632358770333753
56.331035249,0.632224419125504
56.413784901,0.632090141766948
56.49368546,0.631955938119762
56.578946497,0.631821808046121
56.663551562,0.631687751408693
56.748245973,0.631553768070642
56.829914495,0.631419857895617
56.914434324,0.631286020747758
56.99581847,0.631152256491689
57.081092436,0.631018564992516
57.166428034,0.630884946115823
57.250426964,0.630751399727675
57.335441021,0.63061792569461
57.417710417,0.630484523883639
57.500080254,0.630351194162243
57.584130962,0.630217936398369
57.668075496,0.630084750460434
57.752942024,0.629951636217314
57.836932764,0.629818593538347
57.922424362,0.62968562229333
58.005587656,0.629552722352516
58.091262947,0.629419893586611
58.17674864,0.629287135866773
58.257740283,0.62915444906461
58.337471993,0.629021833052175
58.421498566,0.62888928770197
58.5084691,0.628756812886935
58.589710608,0.628624408480452
58.673393149,0.628492074356343
58.753790923,0.628359810388864
58.835660427,0.628227616452706
58.92037272,0.628095492422991
59.00274374,0.62796343817527
59.086197954,0.627831453585524
59.167555189,0.627699538530156
59.250400721,0.627567692885996
59.332151943,0.627435916530292
59.413273495,0.627304209340712
59.498113441,0.627172571195343
59.582065944,0.627041001972686
59.666258338,0.626909501551653
59.74961143,0.626778069811569
59.830195053,0.626646706632169
59.917281403,0.626515411893592
60.003711573,0.626384185476386
60.086225371,0.626253027261498
60.168931302,0.626121937130278
60.250529151,0.625990914964477
60.3340201,0.62585996064624
60.413261902,0.62572907405811
60.496861391,0.625598255083021
60.580967668,0.625467503604301
60.660079941,0.625336819505666
60.741444753,0.625206202671221
60.823968785,0.625075652985456
60.909075997,0.624945170333246
60.993583919,0.624814754599847
61.076220711,0.624684405670897
61.161195458,0.624554123432412
61.244117777,0.624423907770783
61.328108558,0.624293758572781
61.411929146,0.624163675725545
61.495658956,0.624033659116587
61.596793995,0.623903708633792
61.68498905,0.623773824165408
61.770089456,0.623644005600053
61.850925109,0.623514252826708
61.944901861,0.623384565734717
62.028263693,0.623254944213786
62.112518211,0.623125388153978
62.196835413,0.622995897445718
62.277950169,0.622866471979782
62.36212774,0.622737111647305
62.445451053,0.622607816339772
62.529569036,0.62247858594902
62.612531899,0.622349420367236
62.695145838,0.622220319486954
62.77948866,0.622091283201054
62.862736349,0.621962311402762
62.944589525,0.621833403985646
63.028885118,0.621704560843617
63.111694177,0.621575781870923
63.194458081,0.621447066962153
63.279964112,0.621318416012233
63.365622564,0.621189828916421
63.447984593,0.621061305570313
63.531067051,0.620932845869834
63.616098107,0.62080444971124
63.697851815,0.620676116991119
63.780197236,0.620547847606382
63.863009542,0.620419641454271
63.94522383,0.62029149843235
64.029381455,0.620163418438505
64.113694698,0.620035401370947
64.195679158,0.619907447128205
64.278647052,0.619779555609127
64.362926989,0.61965172671288
64.446447997,0.619523960338944
64.527755928,0.619396256387117
64.606693359,0.619268614757508
64.691246545,0.619141035350537
64.775813583,0.619013518066937
64.858248239,0.618886062807748
64.940894312,0.618758669474317
65.02396788,0.618631337968299
65.10563588,0.618504068191652
65.190489608,0.618376860046639
65.273241174,0.618249713435824
65.356164667,0.618122628262072
65.437522553,0.617995604428548
65.522636801,0.617868641838715
65.609167081,0.617741740396331
65.700086841,0.617614900005451
65.780737438,0.617488120570424
65.86318751,0.617361401995893
65.94810284,0.61723474418679
66.030684745,0.617108147048338
66.116651286,0.616981610486051
66.198406247,0.616855134405729
66.279578034,0.616728718713458
66.363509368,0.616602363315609
66.445502517,0.61647606811884
66.528014952,0.616349833030089
66.612248843,0.616223657956575
66.699421051,0.6160975428058
66.779058344,0.615971487485541
66.860849488,0.615845491903857
66.940990181,0.615719555969081
67.02297922,0.615593679589823
67.107519306,0.615467862674966
67.186984222,0.615342105133666
67.272044526,0.615216406875351
67.356160645,0.615090767809722
67.440700991,0.614965187846745
67.534221192,0.614839666896659
67.617714266,0.614714204869967
67.703760791,0.614588801677439
67.799362085,0.614463457230111
67.885930713,0.614338171439281
67.973008775,0.614212944216511
68.054395607,0.614087775473625
68.137879801,0.613962665122705
68.230395618,0.613837613076094
68.31396185,0.613712619246394
68.395872119,0.613587683546462
68.480702774,0.613462805889413
68.565887244,0.613337986188617
68.642835853,0.613213224357695
68.722664146,0.613088520310524
68.80712537,0.612963873961232
68.899625932,0.612839285224196
68.983646631,0.612714754014044
69.068099927,0.612590280245654
69.150053435,0.612465863834147
69.240555132,0.612341504694896
69.322786881,0.612217202743515
69.407926508,0.612092957895865
69.490082582,0.611968770068049
69.576269612,0.611844639176415
69.660485992,0.611720565137548
69.745678119,0.611596547868276
69.830522997,0.611472587285667
69.917003142,0.611348683307026
70.006778406,0.611224835849896
70.089396956,0.611101044832056
70.169545155,0.61097731017152
70.252221228,0.610853631786539
70.332850104,0.610730009595593
70.415856828,0.610606443517399
70.497465662,0.610482933470903
70.584561304,0.610359479375283
70.665241139,0.610236081149944
70.750702536,0.610112738714523
70.83349654,0.609989451988884
70.912667058,0.609866220893116
70.994088841,0.609743045347535
71.079199501,0.609619925272683
71.1605238,0.609496860589325
71.244251945,0.609373851218449
71.331695379,0.609250897081266
71.416622225,0.609127998099207
71.499436436,0.609005154193927
71.586360392,0.608882365287295
71.669062865,0.608759631301403
71.749236273,0.60863695215856
71.832762052,0.608514327781291
71.9184884,0.608391758092337
72.001465646,0.608269243014655
72.086021198,0.608146782471415
72.170767919,0.608024376386003
72.25500632,0.607902024682014
72.337139813,0.607779727283258
72.415406398,0.607657484113754
72.500590588,0.607535295097731
72.584765001,0.607413160159628
72.663580531,0.607291079224093
72.747244098,0.607169052215979
72.828741305,0.607047079060349
72.916104844,0.606925159682468
72.997885424,0.606803294007811
73.086716082,0.606681481962052
73.172602098,0.606559723471072
73.251486677,0.606438018460953
73.332664298,0.60631636685798
73.415238706,0.606194768588639
73.49762452,0.606073223579614
73.58850533,0.605951731757791
73.672514523,0.605830293050254
73.755049471,0.605708907384284
73.837577682,0.60558757468736
73.920787153,0.605466294887157
74.003109761,0.605345067911546
74.088182143,0.605223893688593
74.167702747,0.605102772146556
74.256050884,0.604981703213889
74.339111562,0.604860686819236
74.421599271,0.604739722891435
74.502425873,0.604618811359515
74.586461186,0.604497952152693
74.671129367,0.604377145200377
74.753622117,0.604256390432164
74.837443246,0.604135687777839
74.920157406,0.604015037167374
75.001147134,0.603894438530928
75.08411112,0.603773891798846
75.172040663,0.603653396901658
75.254180841,0.603532953770077
75.339131462,0.603412562335003
75.422201221,0.603292222527516
75.503736405,0.60317193427888
75.587608142,0.603051697520541
75.669884944,0.602931512184124
75.751769012,0.602811378201437
75.835771069,0.602691295504464
75.915439814,0.602571264025372
75.997951929,0.602451283696503
76.083033662,0.602331354450379
76.168037837,0.602211476219697
76.249832789,0.60209164893733
76.332823707,0.601971872536328
76.418002383,0.601852146949916
76.508987314,0.601732472111491
76.59453029,0.601612847954626
76.676921335,0.601493274413065
76.761363876,0.601373751420726
76.845717523,0.601254278911698
76.930084179,0.601134856820239
77.009679605,0.60101548508078
77.095095909,0.60089616362792
77.177908456,0.600776892396428
77.261216334,0.600657671321241
77.343204411,0.600538500337463
77.431276512,0.600419379380367
77.510157182,0.60030030838539
77.597373382,0.600181287288137
77.682160637,0.600062316024378
77.764747624,0.599943394530046
77.847825021,0.599824522741239
77.932610552,0.599705700594219
78.02024717,0.599586928025411
78.105942978,0.599468204971401
78.187536146,0.599349531368937
78.27170196,0.599230907154929
78.353984796,0.599112332266446
78.438474556,0.598993806640717
78.520076354,0.598875330215132
78.603395738,0.598756902927238
78.686261006,0.59863852471474
78.76913786,0.5985201955155
78.847031106,0.59840191526754
78.926161181,0.598283683909036
79.0111241,0.598165501378318
79.094799294,0.598047367613874
79.173706906,0.597929282554347
79.256542315,0.597811246138531
79.340830361,0.597693258305376
79.423689104,0.597575318993985
79.50883724,0.597457428143612
79.593854234,0.597339585693663
79.678970607,0.597221791583696
79.759231687,0.597104045753421
79.840898575,0.596986348142694
79.923215329,0.596868698691525
80.011686029,0.596751097340072
80.098242128,0.596633544028639
80.183914331,0.596516038697681
80.271370794,0.5963985812878
80.35405721,0.596281171739744
80.435560852,0.596163809994408
80.515558104,0.596046495992832
80.603430746,0.595929229676203
80.691806096,0.595812010985852
80.772462897,0.595694839863254
80.854693974,0.595577716250028
80.937946133,0.595460640087936
81.014687335,0.595343611318885
81.096269869,0.595226629884922
81.179630167,0.595109695728235
81.260229045,0.594992808791157
81.341912441,0.594875969016157
81.430274319,0.594759176345848
81.51008853,0.594642430722981
81.596381252,0.594525732090447
81.680519994,0.594409080391276
81.760123829,0.594292475568636
81.842871206,0.594175917565831
81.928194957,0.594059406326305
82.010138622,0.593942941793639
82.094712686,0.593826523911547
82.17609569,0.593710152623883
82.26039017,0.593593827874633
82.341200324,0.59347754960792
82.425779049,0.593361317768002
82.5078164,0.593245132299268
82.60211814,0.593128993146243
82.683129949,0.593012900253585
82.768031908,0.592896853566083
82.853492585,0.59278085302866
82.938519973,0.592664898586369
83.018200746,0.592548990184396
83.104079705,0.592433127768056
83.186997976,0.592317311282795
83.268597398,0.592201540674188
83.350006221,0.592085815887942
83.432775017,0.591970136869891
83.513969316,0.591854503565996
83.596885892,0.59173891592235
83.684790608,0.591623373885169
83.767101399,0.5915078774008
83.848820176,0.591392426415715
83.93582096,0.591277020876513
84.021242235,0.591161660729917
84.103646261,0.591046345922778
84.183475376,0.59093107640207
84.270847444,0.590815852114893
84.354209176,0.590700673008471
84.435038615,0.59058553903015
84.518114789,0.590470450127402
84.609087621,0.590355406247819
84.699054767,0.590240407339117
84.782897777,0.590125453349135
84.867011822,0.590010544225832
84.951526329,0.589895679917289
85.039446801,0.589780860371707
85.121869189,0.589666085537409
85.206523307,0.589551355362835
85.288497262,0.589436669796548
85.373703713,0.589322028787229
85.457139866,0.589207432283676
85.541971232,0.589092880234807
85.624484459,0.588978372589659
85.707197627,0.588863909297385
85.790185317,0.588749490307255
85.874829583,0.588635115568656
85.959276895,0.588520785031092
86.044394581,0.588406498644183
86.132686108,0.588292256357664
86.217434964,0.588178058121386
86.299772687,0.588063903885314
86.382666,0.587949793599527
86.467419256,0.58783572721422
86.551896668,0.587721704679699
86.639094365,0.587607725946387
86.723021158,0.587493790964817
86.806143729,0.587379899685634
86.885490913,0.587266052059598
86.969623571,0.587152248037579
87.053426208,0.587038487570559
87.135247491,0.58692477060963
87.218400602,0.586811097105997
87.303118187,0.586697467010972
87.385141325,0.586583880275981
87.469839575,0.586470336852555
87.552518243,0.586356836692339
87.647696092,0.586243379747083
87.730061578,0.586129965968648
87.815217944,0.586016595309002
87.897462642,0.585903267720222
87.979743755,0.58578998315449
88.059782673,0.585676741564098
88.140230894,0.585563542901443
88.224709407,0.585450387119029
88.307992869,0.585337274169466
88.392194645,0.585224204005469
88.474680339,0.58511117657986
88.560543843,0.584998191845565
88.651775522,0.584885249755614
88.736962377,0.584772350263143
88.817011018,0.584659493321391
88.901166858,0.5845466788837
88.981892047,0.584433906903517
89.065648628,0.58432117733439
89.14872421,0.584208490129973
89.229226997,0.584095845244018
89.313092719,0.583983242630382
89.400610744,0.583870682243022
89.482454068,0.583758164035999
89.566878538,0.583645687963472
89.653004075,0.583533253979702
89.735968702,0.58342086203905
89.818459287,0.583308512095979
89.910856862,0.583196204105047
89.994080645,0.583083938020917
90.080388162,0.582971713798348
90.163456999,0.582859531392198
90.253637116,0.582747390757424
90.334984468,0.58263529184908
90.417158523,0.582523234622321
90.501369692,0.582411219032395
90.583616615,0.582299245034651
90.671873242,0.582187312584532
90.756545732,0.582075421637581
90.846090486,0.581963572149434
90.938439688,0.581851764075824
91.023033458,0.581739997372581
91.106738771,0.581628271995629
91.19427164,0.581516587900987
91.274683166,0.581404945044768
91.359031841,0.581293343383184
91.444719189,0.581181782872535
91.527246128,0.581070263469219
91.609746135,0.580958785129726
91.691087001,0.580847347810639
91.774669582,0.580735951468635
91.856814901,0.580624596060484
91.938820369,0.580513281543046
92.026205358,0.580402007873277
92.108913514,0.580290775008221
92.193758191,0.580179582905016
92.275109732,0.58006843152089
92.359718015,0.579957320813163
92.445168718,0.579846250739245
92.524568073,0.579735221256636
92.609119134,0.579624232322928
92.689850036,0.5795132838958
92.772630779,0.579402375933023
92.862115735,0.579291508392456
92.946238269,0.579180681232048
93.029259777,0.579069894409836
93.114200636,0.578959147883945
93.198794565,0.578848441612589
93.27861047,0.578737775554071
93.362948099,0.578627149666778
93.444573972,0.578516563909189
93.530047097,0.578406018239867
93.613090947,0.578295512617463
93.69761262,0.578185047000714
93.781489548,0.578074621348444
93.86591956,0.577964235619563
93.94687971,0.577853889773065
94.028560991,0.577743583768031
94.113732682,0.577633317563629
94.195927666,0.577523091119109
94.277589983,0.577412904393808
94.363256173,0.577302757347144
94.450558711,0.577192649938624
94.527426906,0.577082582127836
94.609398626,0.576972553874452
94.693281016,0.576862565138227
94.778051262,0.576752615879002
94.86390777,0.576642706056697
94.948680712,0.576532835631317
95.030734742,0.57642300456295
95.113179762,0.576313212811764
95.195925174,0.576203460338011
95.281012941,0.576093747102023
95.36826332,0.575984073064216
95.448875698,0.575874438185084
95.530924867,0.575764842425203
95.614022901,0.575655285745232
95.698741748,0.575545768105908
95.780409027,0.575436289468049
95.862590951,0.575326849792552
95.944483478,0.575217449040395
96.027784099,0.575108087172636
96.10936126,0.574998764150411
96.19383814,0.574889479934935
96.279428806,0.574780234487503
96.3625356,0.574671027769487
96.445150161,0.57456185974234
96.52906663,0.574452730367588
96.609077213,0.574343639606842
96.692152244,0.574234587421784
96.77097885,0.574125573774177
96.854282598,0.574016598625861
96.937257288,0.573907661938751
97.021593895,0.573798763674841
97.104259343,0.5736899037962
97.188613891,0.573581082264975
97.271569276,0.573472299043385
97.356517733,0.573363554093731
97.440770868,0.573254847378384
97.521998804,0.573146178859793
97.605846646,0.573037548500482
97.688898864,0.572928956263049
97.771885151,0.572820402110168
97.856371964,0.572711886004587
97.939598023,0.572603407909127
98.024566556,0.572494967786685
98.106554774,0.57238656560023
98.185945889,0.572278201312807
98.268390959,0.572169874887532
98.350133481,0.572061586287596
98.434394053,0.57195333547626
98.519471387,0.571845122416862
98.606270235,0.57173694707281
98.689583164,0.571628809407584
98.771532553,0.571520709384737
98.858160978,0.571412646967894
98.942560079,0.571304622120751
99.024858973,0.571196634807077
99.108746636,0.57108868499071
99.193452674,0.570980772635561
99.275782118,0.570872897705611
99.360137729,0.570765060164912
99.448224493,0.570657259977587
99.531076491,0.570549497107827
99.6138206,0.570441771519896
99.696239269,0.570334083178126
99.780885399,0.570226432046918
99.861205425,0.570118818090746
99.944177188,0.570011241274149
100.028634393,0.569903701561738
100.113922882,0.569796198918191
100.196284691,0.569688733308256
100.276465666,0.569581304696749
100.359569243,0.569473913048553
100.444080602,0.569366558328621
100.527055864,0.569259240501974
100.612706939,0.569151959533698
100.694729866,0.56904471538895
100.776453184,0.568937508032951
100.861112134,0.568830337430993
100.94527461,0.56872320354843
101.025966231,0.568616106350687
101.111109736,0.568509045803253
101.192790095,0.568402021871685
101.275451644,0.568295034521605
101.357481357,0.568188083718701
101.439705659,0.568081169428728
101.524037716,0.567974291617505
101.61424288,0.567867450250917
101.69968366,0.567760645294915
101.782012373,0.567653876715515
101.865737882,0.567547144478795
101.950064636,0.567440448550903
102.032192526,0.567333788898045
102.116728532,0.567227165486498
102.199181872,0.567120578282599
102.285149576,0.567014027252748
102.369711872,0.566907512363413
102.453693161,0.566801033581122
102.533790343,0.566694590872468
102.61412401,0.566588184204107
102.694941191,0.566481813542757
102.777254928,0.566375478855201
102.863015064,0.566269180108284
102.949748913,0.566162917268911
103.032095276,0.566056690304053
103.114636257,0.565950499180742
103.199095166,0.56584434386607
103.283117328,0.565738224327194
103.366213238,0.565632140531331
103.448077761,0.565526092445759
103.530819995,0.565420080037819
103.61469125,0.565314103274911
103.69886383,0.565208162124497
103.78413966,0.565102256554102
103.866520212,0.564996386531307
103.948902066,0.564890552023758
104.03407076,0.564784752999159
104.11743178,0.564678989425275
104.202054506,0.564573261269929
104.28378061,0.564467568501007
104.369157884,0.564361911086452
104.449682601,0.564256288994268
104.529107755,0.564150702192519
104.612500648,0.564045150649325
104.695081431,0.563939634332869
104.777236433,0.563834153211389
104.859646633,0.563728707253186
104.94420467,0.563623296426614
105.025765213,0.563517920700092
105.107980103,0.563412580042091
105.192664992,0.563307274421144
105.274732583,0.56320200380584
105.357723961,0.563096768164827
105.439105542,0.562991567466809
105.528748261,0.562886401680549
105.60865331,0.562781270774868
105.690930384,0.56267617471864
105.775079619,0.5625711134808
105.859792413,0.562466087030339
105.942212164,0.562361095336303
106.02386932,0.562256138367797
106.106587549,0.562151216093979
106.190203957,0.562046328484067
106.274622132,0.561941475507332
106.359134263,0.561836657133102
106.438897055,0.561731873330762
106.523226376,0.561627124069751
106.609196305,0.561522409319562
106.691575062,0.561417729049747
106.774044408,0.561313083229911
106.859117943,0.561208471829714
106.94199569,0.56110389481887
107.026221231,0.56099935216715
107.111665409,0.560894843844378
107.193968682,0.560790369820432
107.274000975,0.560685930065246
107.356889346,0.560581524548807
107.434926945,0.560477153241155
107.517041814,0.560372816112385
107.604522323,0.560268513132646
107.690623765,0.560164244272141
107.776180653,0.560060009501123
107.861814668,0.559955808789903
107.949969249,0.559851642108842
108.030953855,0.559747509428354
108.113126107,0.559643410718908
108.198436988,0.559539345951023
108.277444621,0.559435315095273
108.362742392,0.559331318122283
108.447455556,0.55922735500273
108.532149406,0.559123425707344
108.617497232,0.559019530206906
108.699920602,0.558915668472251
108.784385274,0.558811840474263
108.867387277,0.55870804618388
108.956454761,0.558604285572089
109.040108606,0.55850055860993
109.12804288,0.558396865268494
109.210937776,0.558293205518924
109.293654572,0.558189579332411
109.378238739,0.558085986680199
109.459385649,0.557982427533582
109.54766188,0.557878901863906
109.633182174,0.557775409642565
109.714807185,0.557671950841004
109.799175505,0.55756852543072
109.882777771,0.557465133383257
109.97364046,0.557361774670211
110.054719173,0.557258449263227
110.135970223,0.557155157133999
110.218516827,0.557051898254272
110.303115989,0.55694867259584
110.385722481,0.556845480130544
110.467571177,0.556742320830277
110.550160259,0.556639194666979
110.632886547,0.556536101612641
110.718161445,0.5564330416393
110.800496472,0.556330014719043
110.885464844,0.556227020824006
110.968036395,0.556124059926371
111.054138549,0.556021131998373
111.139246824,0.555918237012288
111.223165348,0.555815374940448
111.30714827,0.555712545755226
111.391566906,0.555609749429046
111.468385617,0.55550698593438
111.554078879,0.555404255243745
111.638518753,0.555301557329708
111.724119542,0.555198892164882
111.805886611,0.555096259721927
111.891010541,0.554993659973551
111.973432548,0.554891092892507
112.056574023,0.554788558451596
112.139838701,0.554686056623666
112.225110061,0.554583587381611
112.309487662,0.55448115069837
112.393632307,0.554378746546932
112.476431012,0.554276374900327
112.562605081,0.554174035731636
112.642707916,0.554071729013983
112.725713518,0.553969454720538
112.808703653,0.553867212824518
112.893763757,0.553765003299184
112.979592681,0.553662826117845
113.070361835,0.553560681253851
113.161013036,0.553458568680602
113.242252059,0.55335648837154
113.324181902,0.553254440300152
113.408655244,0.553152424439973
113.492043587,0.553050440764579
113.576162422,0.552948489247592
113.658435707,0.55284656986268
113.740279091,0.552744682583554
113.823549693,0.552642827383969
113.907983483,0.552541004237725
113.989233882,0.552439213118665
