Time [s],Rank 5,Rank 1,Rank 4,Rank 0,Rank 7,Rank 3,Rank 6,Rank 2
0.0,1.0,1.0,1.0,1.0,1.0,1.0,1.0,1.0
1.7741e-05,,,,1.0,,,,
0.000101644,,,1.0,,,,,
0.000106515,1.0,,,,,,,
0.000107858,,1.0,,,,,,
0.000112229,,,,,,,1.0,
0.000113101,,,,,,,,1.0
0.000113451,,,,,1.0,,,
0.000120608,,,,,,1.0,,
0.061339449,,,0.760958112203805,,,,,
0.065006003,,,,0.760958112203805,,,,
0.066169202,,,,,,,0.760958112203805,
0.067065111,,,,,0.760958112203805,,,
0.070300094,0.760958112203805,,,,,,,
0.072684901,,,,,,0.760958112203805,,
0.076949957,,,,,,,,0.760958112203805
0.082406629,,0.760958112203805,,,,,,
0.126604632,,,,0.749600926109632,,,,
0.127375208,,,0.749600926109632,,,,,
0.129876351,,,,,,,0.749600926109632,
0.13020328,,,,,,,,0.749600926109632
0.130422238,0.749600926109632,,,,,,,
0.132205593,,,,,0.749600926109632,,,
0.133208877,,,,,,0.749600926109632,,
0.133778931,,0.749600926109632,,,,,,
0.19877413,,,,,,,,0.723228480771867
0.201345147,0.723228480771867,,,,,,,
0.20204155,,,,0.723228480771867,,,,
0.203364751,,,0.723228480771867,,,,,
0.204281537,,,,,0.723228480771867,,,
0.206435785,,,,,,,0.723228480771867,
0.208447023,,,,,,0.723228480771867,,
0.214450976,,0.723228480771867,,,,,,
0.280700927,0.699095026212795,,,,,,,
0.282792745,,,,,,,,0.699095026212795
0.284873778,,,,,,,0.699095026212795,
0.285004252,,,0.699095026212795,,,,,
0.285328981,,,,,,0.699095026212795,,
0.288274709,,,,,0.699095026212795,,,
0.288498589,,,,0.699095026212795,,,,
0.291122574,,0.699095026212795,,,,,,
0.540261993,,,,,,,0.503588244811689,
0.540978202,,,,0.503588244811689,,,,
0.54454332,,,,,,,,0.503588244811689
0.546269108,,,0.503588244811689,,,,,
0.546458065,,,,,,0.503588244811689,,
0.548194999,,0.503588244811689,,,,,,
0.553133337,,,,,0.503588244811689,,,
0.557579001,0.503588244811689,,,,,,,
0.834579156,,,,,,,,0.365232471518603
0.835130842,,,,,,,0.365232471518603,
0.836963591,,,0.365232471518603,,,,,
0.839944609,,,,0.365232471518603,,,,
0.840259461,,0.365232471518603,,,,,,
0.841783597,0.365232471518603,,,,,,,
0.843085907,,,,,,0.365232471518603,,
0.848530689,,,,,0.365232471518603,,,
1.299374096,,,,0.305562160531835,,,,
1.310944908,0.305562160531835,,,,,,,
1.313443521,,,,,,0.305562160531835,,
1.314003977,,,,,,,0.305562160531835,
1.317745012,,,0.305562160531835,,,,,
1.318945037,,,,,,,,0.305562160531835
1.3195016,,0.305562160531835,,,,,,
1.321970089,,,,,0.305562160531835,,,
1.769119374,,,,,,,,0.29929289628266
1.773879006,,,,,,,0.29929289628266,
1.775512169,0.29929289628266,,,,,,,
1.777179129,,,,0.29929289628266,,,,
1.77763029,,,,,0.29929289628266,,,
1.779264626,,,,,,0.29929289628266,,
1.780080042,,,0.29929289628266,,,,,
1.790822215,,0.29929289628266,,,,,,
2.103767343,,,,,,0.285053730472932,,
2.109652936,,,,,,,,0.285053730472932
2.109830971,0.285053730472932,,,,,,,
2.11317609,,,,,,,0.285053730472932,
2.114508883,,,,,0.285053730472932,,,
2.119932549,,,,0.285053730472932,,,,
2.124233592,,0.285053730472932,,,,,,
2.126772667,,,0.285053730472932,,,,,
2.342978548,,,,,,,,0.272239976977265
2.350645973,,,,,,0.272239976977265,,
2.363114398,,,0.272239976977265,,,,,
2.366473022,,,,0.272239976977265,,,,
2.371596833,,,,,,,0.272239976977265,
2.373184306,0.272239976977265,,,,,,,
2.373673255,,,,,0.272239976977265,,,
2.373937094,,0.272239976977265,,,,,,
2.743291533,,,0.257225223554459,,,,,
2.74679878,,,,,,0.257225223554459,,
2.752402587,,,,,,,,0.257225223554459
2.753483896,,,,,,,0.257225223554459,
2.763984022,,,,0.257225223554459,,,,
2.767931635,,0.257225223554459,,,,,,
2.768369336,0.257225223554459,,,,,,,
2.770345704,,,,,0.257225223554459,,,
2.983445378,,0.242156907467938,,,,,,
2.992485764,,,,0.242156907467938,,,,
2.993827574,,,,,,,0.242156907467938,
2.995184787,,,,,,,,0.242156907467938
2.995738071,,,0.242156907467938,,,,,
3.000182879,,,,,0.242156907467938,,,
3.001395868,0.242156907467938,,,,,,,
3.00270301,,,,,,0.242156907467938,,
3.216443183,,,,,,0.227486543368176,,
3.220874523,,,,,,,0.227486543368176,
3.225957747,,,0.227486543368176,,,,,
3.240150281,0.227486543368176,,,,,,,
3.252645797,,,,,0.227486543368176,,,
3.26216356,,,,0.227486543368176,,,,
3.294791855,,0.227486543368176,,,,,,
3.314924572,,,,,,,,0.227486543368176
3.56773601,,,,,,,,0.214980656550894
3.608364395,,0.214980656550894,,,,,,
3.668012773,,,,,,,0.214980656550894,
3.681254444,,,,,,0.214980656550894,,
3.684670056,,,,0.214980656550894,,,,
3.686912116,,,0.214980656550894,,,,,
3.69444779,0.214980656550894,,,,,,,
3.694582954,,,,,0.214980656550894,,,
3.899017609,,0.203410496752981,,,,,,
3.911065766,,,0.203410496752981,,,,,
3.911621695,,,,0.203410496752981,,,,
3.916475249,,,,,,,0.203410496752981,
3.917838399,0.203410496752981,,,,,,,
3.922652801,,,,,0.203410496752981,,,
3.930918925,,,,,,0.203410496752981,,
4.046289174,,,,,,,,0.203410496752981
4.244194843,,,,,,,,0.192990478401922
4.286485462,,,,0.192990478401922,,,,
4.286496144,,,,,0.192990478401922,,,
4.290235427,0.192990478401922,,,,,,,
4.299119088,,,0.192990478401922,,,,,
4.345296471,,,,,,,0.192990478401922,
4.373857153,,,,,,0.192990478401922,,
4.38276152,,0.192990478401922,,,,,,
4.529031345,,,,,,,,0.183015728246332
4.558525712,,,0.183015728246332,,,,,
4.571019412,,,,0.183015728246332,,,,
4.572307391,,,,,,0.183015728246332,,
4.575047431,,,,,,,0.183015728246332,
4.585370788,0.183015728246332,,,,,,,
4.586243818,,0.183015728246332,,,,,,
4.605068424,,,,,0.183015728246332,,,
4.782619376,,,,,,0.173520872699303,,
4.783307359,,,,,,,0.173520872699303,
4.785699979,,0.173520872699303,,,,,,
4.78766434,,,,,,,,0.173520872699303
4.811164449,,,,,0.173520872699303,,,
4.816201152,0.173520872699303,,,,,,,
4.832815821,,,,0.173520872699303,,,,
4.833725555,,,0.173520872699303,,,,,
4.997374915,,0.164402966905354,,,,,,
4.99933953,,,,0.164402966905354,,,,
5.004214639,,,0.164402966905354,,,,,
5.007556712,,,,,,,0.164402966905354,
5.018838966,0.164402966905354,,,,,,,
5.019067324,,,,,,,,0.164402966905354
5.028063636,,,,,0.164402966905354,,,
5.042248347,,,,,,0.164402966905354,,
5.211881032,,,,0.155900956072545,,,,
5.250419806,,,,,,0.155900956072545,,
5.25858224,,,,,,,,0.155900956072545
5.260818767,,0.155900956072545,,,,,,
5.285726984,,,,,0.155900956072545,,,
5.293446701,0.155900956072545,,,,,,,
5.298343254,,,0.155900956072545,,,,,
5.308991441,,,,,,,0.155900956072545,
5.483251727,,0.147929902510538,,,,,,
5.501290303,,,0.147929902510538,,,,,
5.503025201,0.147929902510538,,,,,,,
5.510214534,,,,,,,0.147929902510538,
5.522331584,,,,,0.147929902510538,,,
5.574556252,,,,,,,,0.147929902510538
5.607177358,,,,0.147929902510538,,,,
5.619117293,,,,,,0.147929902510538,,
5.809307126,,,,,,,0.140717938773136,
5.809374551,,,,,,,,0.140717938773136
5.811562663,,,,,,0.140717938773136,,
5.825443697,,,,0.140717938773136,,,,
5.89819975,,0.140717938773136,,,,,,
5.97702652,,,0.140717938773136,,,,,
5.982970924,,,,,0.140717938773136,,,
5.993059393,0.140717938773136,,,,,,,
6.167987564,,,,0.133944443578397,,,,
6.175683078,,0.133944443578397,,,,,,
6.184242467,0.133944443578397,,,,,,,
6.187190077,,,,,,0.133944443578397,,
6.190356622,,,0.133944443578397,,,,,
6.198271533,,,,,0.133944443578397,,,
6.329164121,,,,,,,0.133944443578397,
6.34924951,,,,,,,,0.133944443578397
6.542174837,,,0.12752387553101,,,,,
6.542676956,,,,,,,,0.12752387553101
6.551840649,,,,,0.12752387553101,,,
6.556990896,,,,,,,0.12752387553101,
6.577960649,0.12752387553101,,,,,,,
6.585450595,,,,0.12752387553101,,,,
6.649298378,,,,,,0.12752387553101,,
6.7256563,,0.12752387553101,,,,,,
6.884606374,,,,,,,,0.121278316301613
6.907121975,,,,,,0.121278316301613,,
6.908316939,,,,,,,0.121278316301613,
6.925479045,,0.121278316301613,,,,,,
6.928737746,,,,0.121278316301613,,,,
6.962050416,0.121278316301613,,,,,,,
6.987827019,,,0.121278316301613,,,,,
7.005043244,,,,,0.121278316301613,,,
7.177970217,,,0.115272760992784,,,,,
7.189837483,,,,,,0.115272760992784,,
7.191184111,,,,,0.115272760992784,,,
7.201549488,,,,,,,0.115272760992784,
7.208513822,,0.115272760992784,,,,,,
7.208923219,,,,,,,,0.115272760992784
7.21176437,0.115272760992784,,,,,,,
7.30527062,,,,0.115272760992784,,,,
7.484434543,,,,,0.109536490067593,,,
7.488859739,,0.109536490067593,,,,,,
7.501017787,,,,,,,,0.109536490067593
7.502914443,,,,0.109536490067593,,,,
7.507975303,,,0.109536490067593,,,,,
7.524054077,,,,,,,0.109536490067593,
7.552445926,0.109536490067593,,,,,,,
7.601549945,,,,,,0.109536490067593,,
7.767993158,,,,0.10424245153916,,,,
7.779668396,,,,,,0.10424245153916,,
7.816146529,,,,,,,0.10424245153916,
7.834970594,,,,,,,,0.10424245153916
7.859935795,,0.10424245153916,,,,,,
7.917896359,,,0.10424245153916,,,,,
7.937317534,0.10424245153916,,,,,,,
7.947996761,,,,,0.10424245153916,,,
8.129485332,,,,0.0991634923449827,,,,
8.138231783,,,,,,0.0991634923449827,,
8.140389982,,0.0991634923449827,,,,,,
8.175280705,0.0991634923449827,,,,,,,
8.210564656,,,,,0.0991634923449827,,,
8.212947288,,,,,,,0.0991634923449827,
8.22739577,,,0.0991634923449827,,,,,
8.267776362,,,,,,,,0.0991634923449827
8.458368047,,,,,,,,0.0944246339604055
8.46888891,,,0.0944246339604055,,,,,
8.480422014,,,,,,,0.0944246339604055,
8.494862798,0.0944246339604055,,,,,,,
8.506268464,,,,,0.0944246339604055,,,
8.531464903,,,,0.0944246339604055,,,,
8.599881198,,,,,,0.0944246339604055,,
8.610798598,,0.0944246339604055,,,,,,
8.792258191,,,,,,0.0899911252317909,,
8.796332281,,,,0.0899911252317909,,,,
8.817280901,,0.0899911252317909,,,,,,
8.836801484,,,,,,,,0.0899911252317909
8.908201446,,,0.0899911252317909,,,,,
8.941048525,,,,,,,0.0899911252317909,
8.955023183,,,,,0.0899911252317909,,,
8.980811361,0.0899911252317909,,,,,,,
9.148586014,,,,,,0.0857272806661745,,
9.162093705,,,0.0857272806661745,,,,,
9.176642713,,,,0.0857272806661745,,,,
9.182079818,,,,,0.0857272806661745,,,
9.184293504,,0.0857272806661745,,,,,,
9.184853719,,,,,,,0.0857272806661745,
9.198093904,0.0857272806661745,,,,,,,
9.319022585,,,,,,,,0.0857272806661745
9.501614945,,,,,,,0.0816835659918733,
9.513505412,0.0816835659918733,,,,,,,
9.52398665,,,,,,,,0.0816835659918733
9.52919022,,,,,0.0816835659918733,,,
9.535821854,,0.0816835659918733,,,,,,
9.574456746,,,,,,0.0816835659918733,,
9.618108954,,,0.0816835659918733,,,,,
9.621531402,,,,0.0816835659918733,,,,
9.802161509,,,0.0778432814878571,,,,,
9.807924834,,,,,,,,0.0778432814878571
9.808285634,,,,0.0778432814878571,,,,
9.816545753,,,,,,,0.0778432814878571,
9.817259357,,,,,,0.0778432814878571,,
9.892156975,0.0778432814878571,,,,,,,
9.90140081,,,,,0.0778432814878571,,,
9.95173127,,0.0778432814878571,,,,,,
10.123550902,,,,0.0741847611223952,,,,
10.131314592,,,0.0741847611223952,,,,,
10.140585227,0.0741847611223952,,,,,,,
10.143634566,,,,,0.0741847611223952,,,
10.15771659,,0.0741847611223952,,,,,,
10.17975197,,,,,,,0.0741847611223952,
10.201067917,,,,,,,,0.0741847611223952
10.263871359,,,,,,0.0741847611223952,,
10.429998958,,,,,,,,0.0706817317747381
10.446566101,,0.0706817317747381,,,,,,
10.452597641,,,,,,0.0706817317747381,,
10.466482878,,,,,0.0706817317747381,,,
10.492470939,,,,0.0706817317747381,,,,
10.496278275,,,0.0706817317747381,,,,,
10.499051725,,,,,,,0.0706817317747381,
10.524620359,0.0706817317747381,,,,,,,
10.706380771,,,,,,0.0674012000710484,,
10.717380451,,,,0.0674012000710484,,,,
10.721228693,,,,,,,0.0674012000710484,
10.782872031,,0.0674012000710484,,,,,,
10.797204538,,,,,,,,0.0674012000710484
10.83440592,,,,,0.0674012000710484,,,
10.846949206,,,0.0674012000710484,,,,,
10.880464566,0.0674012000710484,,,,,,,
11.047102315,,,,,,,,0.0643007140865765
11.066649115,,,0.0643007140865765,,,,,
11.067950155,0.0643007140865765,,,,,,,
11.077413387,,,,,0.0643007140865765,,,
11.128606816,,,,,,0.0643007140865765,,
11.12955173,,0.0643007140865765,,,,,,
11.228248878,,,,,,,0.0643007140865765,
11.229793218,,,,0.0643007140865765,,,,
11.410214883,,,,0.0613348463433902,,,,
11.412315806,,,0.0613348463433902,,,,,
11.414925302,,,,,,,0.0613348463433902,
11.417297978,,,,,0.0613348463433902,,,
11.421749291,0.0613348463433902,,,,,,,
11.424975244,,0.0613348463433902,,,,,,
11.547633981,,,,,,0.0613348463433902,,
11.565480748,,,,,,,,0.0613348463433902
11.711751903,,,,,,,0.0585118832460787,
11.735945986,,,,0.0585118832460787,,,,
11.747446838,,,,,,,,0.0585118832460787
11.764931711,,,,,,0.0585118832460787,,
11.789980602,,,0.0585118832460787,,,,,
11.813841208,0.0585118832460787,,,,,,,
11.876243912,,,,,0.0585118832460787,,,
11.882222514,,0.0585118832460787,,,,,,
12.023924891,,,,,,,,0.0558007301490417
12.057827305,,,,0.0558007301490417,,,,
12.069055993,,,,,0.0558007301490417,,,
12.072170657,,,,,,,0.0558007301490417,
12.073878029,,0.0558007301490417,,,,,,
12.076851172,,,,,,0.0558007301490417,,
12.196098606,0.0558007301490417,,,,,,,
12.206087361,,,0.0558007301490417,,,,,
12.397054688,,,0.0532320562327914,,,,,
12.398512205,0.0532320562327914,,,,,,,
12.400216636,,0.0532320562327914,,,,,,
12.415774917,,,,,,,,0.0532320562327914
12.455783157,,,,,,,0.0532320562327914,
12.479823932,,,,,,0.0532320562327914,,
12.49389853,,,,0.0532320562327914,,,,
12.494568639,,,,,0.0532320562327914,,,
12.673950458,,,0.0507640997235117,,,,,
12.676102453,,,,,0.0507640997235117,,,
12.692840795,,,,0.0507640997235117,,,,
12.697082081,,,,,,0.0507640997235117,,
12.703447685,,,,,,,0.0507640997235117,
12.714038758,0.0507640997235117,,,,,,,
12.746139813,,0.0507640997235117,,,,,,
12.769483562,,,,,,,,0.0507640997235117
12.95036745,,,,,,,,0.0484600986671245
12.974206533,,,,0.0484600986671245,,,,
12.979584202,,,0.0484600986671245,,,,,
13.062378736,,,,,0.0484600986671245,,,
13.072755958,,0.0484600986671245,,,,,,
13.077524035,,,,,,0.0484600986671245,,
13.078405763,0.0484600986671245,,,,,,,
13.108645683,,,,,,,0.0484600986671245,
13.291992415,,,,,,,0.0462645493684095,
13.294292256,,,,,,0.0462645493684095,,
13.298410916,0.0462645493684095,,,,,,,
13.30005378,,,,,0.0462645493684095,,,
13.307987579,,0.0462645493684095,,,,,,
13.401061153,,,,0.0462645493684095,,,,
13.419377186,,,,,,,,0.0462645493684095
13.430713684,,,0.0462645493684095,,,,,
13.597642293,,,,,,,,0.0441416899937091
13.613806263,,,,,,,0.0441416899937091,
13.617051605,,,0.0441416899937091,,,,,
13.618507512,,,,0.0441416899937091,,,,
13.624826277,0.0441416899937091,,,,,,,
13.628905167,,0.0441416899937091,,,,,,
13.63369874,,,,,,0.0441416899937091,,
13.723324536,,,,,0.0441416899937091,,,
13.894907978,,,0.0421288680813108,,,,,
13.902269193,,,,0.0421288680813108,,,,
13.905361298,,,,,0.0421288680813108,,,
13.916186491,,,,,,,0.0421288680813108,
13.943146584,,,,,,,,0.0421288680813108
13.985934971,,0.0421288680813108,,,,,,
14.034007371,0.0421288680813108,,,,,,,
14.037276021,,,,,,0.0421288680813108,,
14.216245364,,,,,,,,0.0402204778275365
14.228242725,0.0402204778275365,,,,,,,
14.23272341,,,,,,0.0402204778275365,,
14.253763066,,,0.0402204778275365,,,,,
14.304457737,,,,,0.0402204778275365,,,
14.319723977,,0.0402204778275365,,,,,,
14.321465697,,,,,,,0.0402204778275365,
14.330585843,,,,0.0402204778275365,,,,
14.511293874,,,,,,,0.0383966872838419,
14.512339007,,,,0.0383966872838419,,,,
14.523274257,,,,,0.0383966872838419,,,
14.524275036,,0.0383966872838419,,,,,,
14.524896624,0.0383966872838419,,,,,,,
14.530200857,,,,,,0.0383966872838419,,
14.636214421,,,0.0383966872838419,,,,,
14.673345151,,,,,,,,0.0383966872838419
14.845112423,,,,0.0366675645178637,,,,
14.85168913,,,,,,,,0.0366675645178637
14.867591534,,,0.0366675645178637,,,,,
14.889516942,,0.0366675645178637,,,,,,
14.942673625,0.0366675645178637,,,,,,,
14.94744985,,,,,,0.0366675645178637,,
14.989170665,,,,,,,0.0366675645178637,
14.99999946,,,,,0.0366675645178637,,,
15.159560933,,,,,,,,0.0350085890840629
15.169956135,,,,,,,0.0350085890840629,
15.176510718,,,0.0350085890840629,,,,,
15.181980033,,,,,0.0350085890840629,,,
15.249432329,,,,0.0350085890840629,,,,
15.271192829,,,,,,0.0350085890840629,,
15.283639496,0.0350085890840629,,,,,,,
15.286800083,,0.0350085890840629,,,,,,
15.488207598,,,,,,0.0334161098649582,,
15.489163877,,0.0334161098649582,,,,,,
15.492440846,0.0334161098649582,,,,,,,
15.497275442,,,,,0.0334161098649582,,,
15.501607631,,,,,,,,0.0334161098649582
15.505055306,,,,,,,0.0334161098649582,
15.519543914,,,0.0334161098649582,,,,,
15.555427891,,,,0.0334161098649582,,,,
15.732231694,,,,,,,0.031911249184687,
15.742972925,,,,0.031911249184687,,,,
15.744946483,,0.031911249184687,,,,,,
15.828966572,0.031911249184687,,,,,,,
15.834110064,,,,,0.031911249184687,,,
15.845185345,,,,,,,,0.031911249184687
15.863838771,,,,,,0.031911249184687,,
15.870871985,,,0.031911249184687,,,,,
16.054020786,,,,,,,,0.0304853240983503
16.058387442,,,,,,0.0304853240983503,,
16.061134727,0.0304853240983503,,,,,,,
16.066009801,,,0.0304853240983503,,,,,
16.164438574,,,,0.0304853240983503,,,,
16.185669966,,,,,0.0304853240983503,,,
16.20101915,,0.0304853240983503,,,,,,
16.211751852,,,,,,,0.0304853240983503,
16.37573637,,,,0.029109424062974,,,,
16.383706693,,,,,,,0.029109424062974,
16.400878161,,,0.029109424062974,,,,,
16.403544945,,,,,,,,0.029109424062974
16.40688204,,,,,0.029109424062974,,,
16.407575113,,0.029109424062974,,,,,,
16.459379805,,,,,,0.029109424062974,,
16.531643512,0.029109424062974,,,,,,,
16.710954734,,,,,,,0.0277957680769629,
16.711919202,,0.0277957680769629,,,,,,
16.713198863,0.0277957680769629,,,,,,,
16.753509323,,,,0.0277957680769629,,,,
16.765277465,,,,,0.0277957680769629,,,
16.778345274,,,0.0277957680769629,,,,,
16.805984704,,,,,,0.0277957680769629,,
16.822448886,,,,,,,,0.0277957680769629
17.010703251,0.0265435607441174,,,,,,,
17.020806356,,,,,,,,0.0265435607441174
17.025793187,,,,0.0265435607441174,,,,
17.031752104,,,,,,0.0265435607441174,,
17.056894207,,0.0265435607441174,,,,,,
17.077502993,,,,,,,0.0265435607441174,
17.118972802,,,,,0.0265435607441174,,,
17.148902868,,,0.0265435607441174,,,,,
17.331057569,,,,,,,,0.0253603976241239
17.344539633,,,0.0253603976241239,,,,,
17.373700995,,,,,0.0253603976241239,,,
17.416671771,,,,,,0.0253603976241239,,
17.424657348,0.0253603976241239,,,,,,,
17.443914765,,0.0253603976241239,,,,,,
17.486005189,,,,0.0253603976241239,,,,
17.494993327,,,,,,,0.0253603976241239,
17.681255915,,,,0.0242300379088842,,,,
17.69276777,,0.0242300379088842,,,,,,
17.693222231,,,,,,,0.0242300379088842,
17.699273431,,,0.0242300379088842,,,,,
17.738181655,,,,,0.0242300379088842,,,
17.79979268,,,,,,0.0242300379088842,,
17.799902847,0.0242300379088842,,,,,,,
17.809693925,,,,,,,,0.0242300379088842
17.976421712,,,,,,,,0.023141779188947
17.978911282,,,,0.023141779188947,,,,
17.995906121,,,,,,0.023141779188947,,
18.007253647,,,,,,,0.023141779188947,
18.013104742,0.023141779188947,,,,,,,
18.031107321,,0.023141779188947,,,,,,
18.034531258,,,0.023141779188947,,,,,
18.150804355,,,,,0.023141779188947,,,
18.32015335,,,,,,,,0.0221008678273867
18.33925135,,,,,0.0221008678273867,,,
18.348858369,,,,,,,0.0221008678273867,
18.348958588,,,,0.0221008678273867,,,,
18.359798385,0.0221008678273867,,,,,,,
18.364852281,,,,,,0.0221008678273867,,
18.417714929,,0.0221008678273867,,,,,,
18.466722519,,,0.0221008678273867,,,,,
18.649908945,,,,,0.0211143093613015,,,
18.652401483,,,0.0211143093613015,,,,,
18.69708482,,0.0211143093613015,,,,,,
18.700104604,,,,,,,,0.0211143093613015
18.721900945,0.0211143093613015,,,,,,,
18.757875025,,,,,,0.0211143093613015,,
18.759613106,,,,0.0211143093613015,,,,
18.783824843,,,,,,,0.0211143093613015,
18.95812098,,,,,,,0.0201680122817846,
18.963902658,,,0.0201680122817846,,,,,
18.973080102,,,,0.0201680122817846,,,,
18.992712414,,0.0201680122817846,,,,,,
19.018549663,,,,,,0.0201680122817846,,
19.053571102,,,,,0.0201680122817846,,,
19.088051298,0.0201680122817846,,,,,,,
19.096373997,,,,,,,,0.0201680122817846
19.291105472,0.0192736119910737,,,,,,,
19.292672796,,,,,,,,0.0192736119910737
19.300381828,,,,,,0.0192736119910737,,
19.343722972,,,0.0192736119910737,,,,,
19.40701798,,,,0.0192736119910737,,,,
19.407038044,,,,,0.0192736119910737,,,
19.419533608,,0.0192736119910737,,,,,,
19.422161278,,,,,,,0.0192736119910737,
19.572161931,,,,,,,0.0184152662528342,
19.595816955,,,,0.0184152662528342,,,,
19.607635914,,0.0184152662528342,,,,,,
19.614020939,,,,,0.0184152662528342,,,
19.619803653,,,,,,,,0.0184152662528342
19.658225758,0.0184152662528342,,,,,,,
19.738990736,,,0.0184152662528342,,,,,
19.759315946,,,,,,0.0184152662528342,,
19.938656019,,,,,,0.0175897430857002,,
19.952521878,,,0.0175897430857002,,,,,
19.958201728,,0.0175897430857002,,,,,,
19.959759737,0.0175897430857002,,,,,,,
19.970509474,,,,,,,,0.0175897430857002
19.97330392,,,,0.0175897430857002,,,,
20.019429215,,,,,0.0175897430857002,,,
20.026725903,,,,,,,0.0175897430857002,
20.198165558,,,,,,,0.0168030151699555,
20.210315475,,,,,,0.0168030151699555,,
20.219534646,,,0.0168030151699555,,,,,
20.229847662,,,,0.0168030151699555,,,,
20.235529835,,,,,0.0168030151699555,,,
20.266708849,,0.0168030151699555,,,,,,
20.337099987,,,,,,,,0.0168030151699555
20.368981976,0.0168030151699555,,,,,,,
20.55633969,0.0160632284925912,,,,,,,
20.556795579,,,,,,,,0.0160632284925912
20.588962277,,,0.0160632284925912,,,,,
20.603181178,,,,,,0.0160632284925912,,
20.664515766,,0.0160632284925912,,,,,,
20.686567814,,,,0.0160632284925912,,,,
20.706513473,,,,,,,0.0160632284925912,
20.721385573,,,,,0.0160632284925912,,,
20.864568175,,,,,,,0.0153492334085301,
20.904882472,0.0153492334085301,,,,,,,
20.905193122,,0.0153492334085301,,,,,,
20.906174754,,,,0.0153492334085301,,,,
20.908564247,,,,,,,,0.0153492334085301
20.918588089,,,,,0.0153492334085301,,,
21.022073668,,,0.0153492334085301,,,,,
21.042182226,,,,,,0.0153492334085301,,
21.220035355,,,,0.0146599086351028,,,,
21.229728532,,,0.0146599086351028,,,,,
21.231643703,,,,,0.0146599086351028,,,
21.234685598,,,,,,,0.0146599086351028,
21.238929676,,,,,,0.0146599086351028,,
21.264092241,0.0146599086351028,,,,,,,
21.26617786,,0.0146599086351028,,,,,,
21.286479922,,,,,,,,0.0146599086351028
21.478098369,,,0.0140064151251311,,,,,
21.490729091,,,,,,0.0140064151251311,,
21.51693907,,,,0.0140064151251311,,,,
21.52419219,,,,,0.0140064151251311,,,
21.528808941,,,,,,,0.0140064151251311,
21.566933067,,0.0140064151251311,,,,,,
21.589791392,0.0140064151251311,,,,,,,
21.614675652,,,,,,,,0.0140064151251311
21.796714296,0.0133876962117456,,,,,,,
21.810359274,,,,,,,,0.0133876962117456
21.823134969,,0.0133876962117456,,,,,,
21.873380455,,,0.0133876962117456,,,,,
21.900972433,,,,,,0.0133876962117456,,
21.925220297,,,,0.0133876962117456,,,,
21.948496716,,,,,0.0133876962117456,,,
21.955605268,,,,,,,0.0133876962117456,
22.133228121,,,,,,,0.0127908762695845,
22.141302322,,,,0.0127908762695845,,,,
22.147695594,,,,,,,,0.0127908762695845
22.154841393,,,,,0.0127908762695845,,,
22.165272172,,0.0127908762695845,,,,,,
22.192797105,0.0127908762695845,,,,,,,
22.221536788,,,,,,0.0127908762695845,,
22.264175675,,,0.0127908762695845,,,,,
22.455065078,,,,0.0122209703943603,,,,
22.455503894,,,0.0122209703943603,,,,,
22.473292173,,,,,,,0.0122209703943603,
22.479280812,,,,,,0.0122209703943603,,
22.495620042,,,,,0.0122209703943603,,,
22.504510424,,,,,,,,0.0122209703943603
22.534709667,0.0122209703943603,,,,,,,
22.593523638,,0.0122209703943603,,,,,,
22.778587824,,,0.0116797693164214,,,,,
22.786291553,,0.0116797693164214,,,,,,
22.814606367,,,,0.0116797693164214,,,,
22.844490609,0.0116797693164214,,,,,,,
22.848417837,,,,,,,0.0116797693164214,
22.886924097,,,,,0.0116797693164214,,,
22.906454704,,,,,,0.0116797693164214,,
22.906570274,,,,,,,,0.0116797693164214
23.085324224,,,,,,0.0111608551471487,,
23.09697741,,0.0111608551471487,,,,,,
23.099902049,,,,,,,,0.0111608551471487
23.124560053,0.0111608551471487,,,,,,,
23.139939548,,,,,0.0111608551471487,,,
23.156868842,,,0.0111608551471487,,,,,
23.216130168,,,,0.0111608551471487,,,,
23.227573778,,,,,,,0.0111608551471487,
23.416561048,,,,,,,0.0106645383994502,
23.421208383,,,,,,,,0.0106645383994502
23.421617681,,,,0.0106645383994502,,,,
23.438408533,,,,,,0.0106645383994502,,
23.458399614,,0.0106645383994502,,,,,,
23.465517142,,,,,0.0106645383994502,,,
23.530789975,,,0.0106645383994502,,,,,
23.540009404,0.0106645383994502,,,,,,,
23.704382534,0.0101920176228501,,,,,,,
23.726132019,,,,0.0101920176228501,,,,
23.728676675,,,0.0101920176228501,,,,,
23.764110789,,,,,,,0.0101920176228501,
23.792207409,,,,,,,,0.0101920176228501
23.798425405,,,,,,0.0101920176228501,,
23.84208262,,0.0101920176228501,,,,,,
23.868065666,,,,,0.0101920176228501,,,
24.050288501,,0.00973812255773292,,,,,,
24.058012794,,,,,0.00973812255773292,,,
24.059925568,0.00973812255773292,,,,,,,
24.0779012,,,0.00973812255773292,,,,,
24.091438597,,,,0.00973812255773292,,,,
24.097920731,,,,,,,0.00973812255773292,
24.165940282,,,,,,0.00973812255773292,,
24.174413465,,,,,,,,0.00973812255773292
24.364746725,,,,,,,,0.00930777209067054
24.379257666,,,,,0.00930777209067054,,,
24.382216972,,,,,,0.00930777209067054,,
24.406732907,,0.00930777209067054,,,,,,
24.431930705,0.00930777209067054,,,,,,,
24.439454489,,,0.00930777209067054,,,,,
24.499770161,,,,0.00930777209067054,,,,
24.511492205,,,,,,,0.00930777209067054,
24.688975095,,,,,,,0.00889557651109256,
24.705390341,,,,0.00889557651109256,,,,
24.719222618,,,,,,,,0.00889557651109256
24.738566786,,,,,,0.00889557651109256,,
24.76705526,,,,,0.00889557651109256,,,
24.771773451,,0.00889557651109256,,,,,,
24.818038791,0.00889557651109256,,,,,,,
24.831108327,,,0.00889557651109256,,,,,
25.010540975,,,,0.00849967028800633,,,,
25.015978171,,,,,,,0.00849967028800633,
25.018885575,,,0.00849967028800633,,,,,
25.032388951,0.00849967028800633,,,,,,,
25.04821835,,,,,,,,0.00849967028800633
25.066878409,,,,,,0.00849967028800633,,
25.112203945,,0.00849967028800633,,,,,,
25.147387774,,,,,0.00849967028800633,,,
25.331669385,,,0.0081227314274042,,,,,
25.338303285,,0.0081227314274042,,,,,,
25.346998312,,,,,0.0081227314274042,,,
25.357150174,,,,0.0081227314274042,,,,
25.373414865,,,,,,,0.0081227314274042,
25.379495555,0.0081227314274042,,,,,,,
25.459305179,,,,,,,,0.0081227314274042
25.471964834,,,,,,0.0081227314274042,,
25.663305713,,,,,,0.00776314750875085,,
25.663660663,,,,,,,,0.00776314750875085
25.68430619,0.00776314750875085,,,,,,,
25.691437992,,,0.00776314750875085,,,,,
25.706233219,,,,,0.00776314750875085,,,
25.712316131,,0.00776314750875085,,,,,,
25.767462143,,,,0.00776314750875085,,,,
25.800858224,,,,,,,0.00776314750875085,
25.984219665,,,,0.00741927665200441,,,,
25.991529059,,,,,,,,0.00741927665200441
25.998253718,,,,,,,0.00741927665200441,
26.000285457,,0.00741927665200441,,,,,,
26.001159564,,,,,,0.00741927665200441,,
26.07302996,,,,,0.00741927665200441,,,
26.108080782,,,0.00741927665200441,,,,,
26.131463847,0.00741927665200441,,,,,,,
26.303472797,,,,0.00709031236569256,,,,
26.313421645,0.00709031236569256,,,,,,,
26.316972245,,,0.00709031236569256,,,,,
26.32670407,,,,,,,0.00709031236569256,
26.368668617,,,,,,0.00709031236569256,,
26.376065041,,,,,,,,0.00709031236569256
26.418884643,,,,,0.00709031236569256,,,
26.442092246,,0.00709031236569256,,,,,,
26.625783852,0.00677617567262479,,,,,,,
26.628267686,,0.00677617567262479,,,,,,
26.632650704,,,0.00677617567262479,,,,,
26.654093451,,,,,0.00677617567262479,,,
26.683520905,,,,,,,0.00677617567262479,
26.703408558,,,,0.00677617567262479,,,,
26.753802006,,,,,,0.00677617567262479,,
26.764680568,,,,,,,,0.00677617567262479
26.948147857,,0.00647621064842841,,,,,,
26.955445703,,,,,,,,0.00647621064842841
26.960896006,,,,,,0.00647621064842841,,
27.00034877,,,0.00647621064842841,,,,,
27.006623786,0.00647621064842841,,,,,,,
27.022630618,,,,,0.00647621064842841,,,
27.048496391,,,,0.00647621064842841,,,,
27.092042944,,,,,,,0.00647621064842841,
27.2851361,,,,,,0.00618909742018977,,
27.28520794,,,,,,,,0.00618909742018977
27.28577714,,,,0.00618909742018977,,,,
27.289810085,,,,,,,0.00618909742018977,
27.291032611,,,,,0.00618909742018977,,,
27.339327539,,0.00618909742018977,,,,,,
27.384013283,0.00618909742018977,,,,,,,
27.411017576,,,0.00618909742018977,,,,,
27.600326584,,,0.00591539988170563,,,,,
27.604073122,0.00591539988170563,,,,,,,
27.604154442,,,,,,,0.00591539988170563,
27.614460198,,,,0.00591539988170563,,,,
27.625268114,,,,,,,,0.00591539988170563
27.689104292,,,,,,0.00591539988170563,,
27.70027477,,0.00591539988170563,,,,,,
27.717048406,,,,,0.00591539988170563,,,
27.885435312,,,,,0.00565243632666805,,,
27.895416048,,,0.00565243632666805,,,,,
27.904111625,,0.00565243632666805,,,,,,
27.916222202,,,,0.00565243632666805,,,,
27.925786154,0.00565243632666805,,,,,,,
27.936133164,,,,,,,0.00565243632666805,
27.963447544,,,,,,0.00565243632666805,,
28.028663309,,,,,,,,0.00565243632666805
28.222344901,,,,,,,,0.00540246064862534
28.229242352,,,,,0.00540246064862534,,,
28.234431402,,,0.00540246064862534,,,,,
28.235537742,,0.00540246064862534,,,,,,
28.237925105,,,,,,0.00540246064862534,,
28.304071666,0.00540246064862534,,,,,,,
28.337542336,,,,0.00540246064862534,,,,
28.339178624,,,,,,,0.00540246064862534,
28.515190367,,,,0.00516406824701169,,,,
28.523478261,,,,,,,0.00516406824701169,
28.53499551,,,,,,,,0.00516406824701169
28.54179315,0.00516406824701169,,,,,,,
28.58702152,,0.00516406824701169,,,,,,
28.598655645,,,,,0.00516406824701169,,,
28.630442418,,,0.00516406824701169,,,,,
28.653411071,,,,,,0.00516406824701169,,
28.816980185,,,,0.00493443447694903,,,,
28.823839908,,,,,,0.00493443447694903,,
28.835813942,,,0.00493443447694903,,,,,
28.849286114,,,,,,,0.00493443447694903,
28.859981745,0.00493443447694903,,,,,,,
28.878785223,,,,,,,,0.00493443447694903
28.940991651,,0.00493443447694903,,,,,,
28.961726049,,,,,0.00493443447694903,,,
29.147887435,,,0.00471594670594565,,,,,
29.153381914,,0.00471594670594565,,,,,,
29.155631371,,,,0.00471594670594565,,,,
29.156139978,,,,,0.00471594670594565,,,
29.165627672,,,,,,0.00471594670594565,,
29.197458771,,,,,,,0.00471594670594565,
29.272443837,0.00471594670594565,,,,,,,
29.273034144,,,,,,,,0.00471594670594565
29.455952116,0.00450831903500237,,,,,,,
29.461358287,,,,,,,,0.00450831903500237
29.477657091,,0.00450831903500237,,,,,,
29.495169301,,,,,0.00450831903500237,,,
29.52066702,,,,,,0.00450831903500237,,
29.542587491,,,0.00450831903500237,,,,,
29.573585937,,,,0.00450831903500237,,,,
29.586261862,,,,,,,0.00450831903500237,
29.762148848,,,,0.00430849496758636,,,,
29.769575958,0.00430849496758636,,,,,,,
29.775538058,,,,,,,,0.00430849496758636
29.776331476,,,,,,,0.00430849496758636,
29.826769861,,0.00430849496758636,,,,,,
29.844596065,,,,,0.00430849496758636,,,
29.846260318,,,,,,0.00430849496758636,,
29.871856281,,,0.00430849496758636,,,,,
30.047108451,,,,0.00411690971054537,,,,
30.062852054,,,0.00411690971054537,,,,,
30.062979904,,,,,,,0.00411690971054537,
30.080210168,,,,,,0.00411690971054537,,
30.083967566,,,,,,,,0.00411690971054537
30.108174919,0.00411690971054537,,,,,,,
30.147816644,,,,,0.00411690971054537,,,
30.168760307,,0.00411690971054537,,,,,,
30.353244294,,0.0039350458978675,,,,,,
30.369693579,,,,,0.0039350458978675,,,
30.369786107,,,0.0039350458978675,,,,,
30.387491469,,,,0.0039350458978675,,,,
30.393483006,,,,,,,0.0039350458978675,
30.455997486,,,,,,,,0.0039350458978675
30.456356697,,,,,,0.0039350458978675,,
30.456807268,0.0039350458978675,,,,,,,
30.631187091,,,,,,,,0.0037615668934935
30.635049098,0.0037615668934935,,,,,,,
30.644554433,,,,,,0.0037615668934935,,
30.653280476,,0.0037615668934935,,,,,,
30.667783431,,,0.0037615668934935,,,,,
30.754302325,,,,,0.0037615668934935,,,
30.754488013,,,,0.0037615668934935,,,,
30.77821222,,,,,,,0.0037615668934935,
30.957112362,,,,,,,,0.00359478168284508
30.961283266,,,,,,,0.00359478168284508,
30.962241961,,,,0.00359478168284508,,,,
30.966274744,,,,,0.00359478168284508,,,
30.985735471,,,,,,0.00359478168284508,,
30.990842399,0.00359478168284508,,,,,,,
31.014411019,,0.00359478168284508,,,,,,
31.091642075,,,0.00359478168284508,,,,,
31.255490404,,,0.00343546252174378,,,,,
31.266599187,,,,0.00343546252174378,,,,
31.286589654,,,,,,,0.00343546252174378,
31.315044112,0.00343546252174378,,,,,,,
31.317854964,,,,,0.00343546252174378,,,
31.349673075,,,,,,,,0.00343546252174378
31.352977259,,,,,,0.00343546252174378,,
31.387463485,,0.00343546252174378,,,,,,
31.555907572,,,0.00328361810855343,,,,,
31.568769787,,0.00328361810855343,,,,,,
31.603052467,,,,0.00328361810855343,,,,
31.620526558,,,,,,,0.00328361810855343,
31.63169572,,,,,,0.00328361810855343,,
31.646282337,,,,,0.00328361810855343,,,
31.674796359,,,,,,,,0.00328361810855343
31.696765537,0.00328361810855343,,,,,,,
31.885325978,,,,,,0.00313837293374958,,
31.885424884,,0.00313837293374958,,,,,,
31.886826858,0.00313837293374958,,,,,,,
31.888551891,,,,,,,,0.00313837293374958
31.911191057,,,0.00313837293374958,,,,,
31.935492501,,,,,0.00313837293374958,,,
31.985216654,,,,0.00313837293374958,,,,
32.005677333,,,,,,,0.00313837293374958,
32.18940796,,,,0.00299977015939145,,,,
32.189995461,0.00299977015939145,,,,,,,
32.200435914,,,,,0.00299977015939145,,,
32.202667554,,,,,,,,0.00299977015939145
32.203589217,,,,,,,0.00299977015939145,
32.243583587,,0.00299977015939145,,,,,,
32.30788913,,,,,,0.00299977015939145,,
32.318944206,,,0.00299977015939145,,,,,
32.491974282,,,,,,0.00286714906532795,,
32.49923758,,,,0.00286714906532795,,,,
32.510089744,,,0.00286714906532795,,,,,
32.510646844,,,,,,,0.00286714906532795,
32.519943385,,,,,,,,0.00286714906532795
32.549130739,0.00286714906532795,,,,,,,
32.613154098,,0.00286714906532795,,,,,,
32.632515455,,,,,0.00286714906532795,,,
32.80159883,,,0.00274029447868504,,,,,
32.807304683,,,,,,0.00274029447868504,,
32.807954292,,,,,0.00274029447868504,,,
32.81270205,,0.00274029447868504,,,,,,
32.83825282,,,,,,,0.00274029447868504,
32.862257287,,,,0.00274029447868504,,,,
32.919856189,0.00274029447868504,,,,,,,
32.930013874,,,,,,,,0.00274029447868504
33.103973066,,,,,0.00261917651839076,,,
33.110696294,0.00261917651839076,,,,,,,
33.111836825,,,,,,,,0.00261917651839076
33.117506268,,0.00261917651839076,,,,,,
33.145681689,,,0.00261917651839076,,,,,
33.17893912,,,,,,0.00261917651839076,,
33.223667063,,,,0.00261917651839076,,,,
33.246044416,,,,,,,0.00261917651839076,
33.414639677,,,,,,,0.00250319669374539,
33.424098122,,,,0.00250319669374539,,,,
33.427016676,0.00250319669374539,,,,,,,
33.428579148,,,,,,,,0.00250319669374539
33.482747463,,0.00250319669374539,,,,,,
33.48658219,,,,,0.00250319669374539,,,
33.511637297,,,,,,0.00250319669374539,,
33.530783141,,,0.00250319669374539,,,,,
33.699287065,,,,,,,0.00239230580051967,
33.707333224,,,0.00239230580051967,,,,,
33.712650908,,,,0.00239230580051967,,,,
33.720785735,,,,,,0.00239230580051967,,
33.743505107,,,,,,,,0.00239230580051967
33.796463572,0.00239230580051967,,,,,,,
33.824354195,,0.00239230580051967,,,,,,
33.829905146,,,,,0.00239230580051967,,,
34.005208767,,,0.00228639743973026,,,,,
34.011858525,,0.00228639743973026,,,,,,
34.013477144,,,,0.00228639743973026,,,,
34.015133172,,,,,0.00228639743973026,,,
34.029862603,0.00228639743973026,,,,,,,
34.057845243,,,,,,,0.00228639743973026,
34.121215885,,,,,,0.00228639743973026,,
34.122324534,,,,,,,,0.00228639743973026
34.303231766,,,,,,,,0.00218541281009995
34.306493622,,,,,,0.00218541281009995,,
34.309717084,,0.00218541281009995,,,,,,
34.332058085,0.00218541281009995,,,,,,,
34.342643465,,,,,0.00218541281009995,,,
34.34855088,,,0.00218541281009995,,,,,
34.419013516,,,,0.00218541281009995,,,,
34.435251984,,,,,,,0.00218541281009995,
34.615049317,,,,,,,,0.00208910779573192
34.620703845,,,,,,0.00208910779573192,,
34.621188424,,,,0.00208910779573192,,,,
34.62369527,,,,,,,0.00208910779573192,
34.670051472,,,,,0.00208910779573192,,,
34.675316154,,0.00208910779573192,,,,,,
34.734499529,0.00208910779573192,,,,,,,
34.746912101,,,0.00208910779573192,,,,,
34.918233836,,,,0.00199690877623028,,,,
34.927608061,,,,,,,0.00199690877623028,
34.930089573,0.00199690877623028,,,,,,,
34.948954525,,,0.00199690877623028,,,,,
34.956542571,,,,,,,,0.00199690877623028
35.010301529,,,,,,0.00199690877623028,,
35.014405541,,0.00199690877623028,,,,,,
35.053447737,,,,,0.00199690877623028,,,
35.221176785,,,0.00190812981398195,,,,,
35.232027252,,,,,0.00190812981398195,,,
35.234517386,0.00190812981398195,,,,,,,
35.235357493,,0.00190812981398195,,,,,,
35.247919055,,,,0.00190812981398195,,,,
35.253014579,,,,,,,0.00190812981398195,
35.263791885,,,,,,0.00190812981398195,,
35.340085938,,,,,,,,0.00190812981398195
35.51860485,,,,,,,,0.0018236942671986
35.525620354,,,,,0.0018236942671986,,,
35.538348618,,,,,,0.0018236942671986,,
35.540783805,,,0.0018236942671986,,,,,
35.562407625,0.0018236942671986,,,,,,,
35.579100472,,0.0018236942671986,,,,,,
35.626307841,,,,,,,0.0018236942671986,
35.631035176,,,,0.0018236942671986,,,,
35.813406633,,,,,,,,0.00174339265416315
35.813827576,,,,0.00174339265416315,,,,
35.815357824,,0.00174339265416315,,,,,,
35.815987196,,,,,,,0.00174339265416315,
35.857249005,,,,,0.00174339265416315,,,
35.909783781,,,0.00174339265416315,,,,,
35.914699612,0.00174339265416315,,,,,,,
35.935557025,,,,,,0.00174339265416315,,
36.101437636,,,,,,0.00166641074685737,,
36.112722792,,,,0.00166641074685737,,,,
36.113685105,,,,,,,0.00166641074685737,
36.114356786,,,0.00166641074685737,,,,,
36.11808077,0.00166641074685737,,,,,,,
36.15576519,,,,,,,,0.00166641074685737
36.228285247,,0.00166641074685737,,,,,,
36.232449528,,,,,0.00166641074685737,,,
36.401116841,,,,,,0.00159241930344245,,
36.412294121,,,0.00159241930344245,,,,,
36.412475708,,0.00159241930344245,,,,,,
36.420175914,,,,,0.00159241930344245,,,
36.420461328,0.00159241930344245,,,,,,,
36.44112756,,,,0.00159241930344245,,,,
36.469506758,,,,,,,0.00159241930344245,
36.524138951,,,,,,,,0.00159241930344245
36.697714449,,0.00152218586569076,,,,,,
36.699119694,,,,,,,,0.00152218586569076
36.703956312,,,,,0.00152218586569076,,,
36.742522947,,,,,,0.00152218586569076,,
36.798773227,,,0.00152218586569076,,,,,
36.799101116,0.00152218586569076,,,,,,,
36.803570325,,,,,,,0.00152218586569076,
36.812580777,,,,0.00152218586569076,,,,
36.990503933,,,,0.00145474752362203,,,,
36.990945714,,,,,,,,0.00145474752362203
36.992947844,,,,,,,0.00145474752362203,
37.008793729,0.00145474752362203,,,,,,,
37.014841866,,,0.00145474752362203,,,,,
37.040788018,,0.00145474752362203,,,,,,
37.066397398,,,,,0.00145474752362203,,,
37.084307834,,,,,,0.00145474752362203,,
37.259814015,,,0.00138992171206659,,,,,
37.260651905,,,,0.00138992171206659,,,,
37.263503966,,,,,,0.00138992171206659,,
37.267328283,,,,,,,0.00138992171206659,
37.27329089,,,,,,,,0.00138992171206659
37.273414395,0.00138992171206659,,,,,,,
37.34442126,,0.00138992171206659,,,,,,
37.356066018,,,,,0.00138992171206659,,,
37.540492018,,0.00132882144316167,,,,,,
37.544322166,,,,0.00132882144316167,,,,
37.550122814,,,,,0.00132882144316167,,,
37.583679966,,,,,,,0.00132882144316167,
37.590369101,,,,,,0.00132882144316167,,
37.641777926,0.00132882144316167,,,,,,,
37.64667983,,,,,,,,0.00132882144316167
37.649046094,,,0.00132882144316167,,,,,
37.825595705,,,0.00127027133353993,,,,,
37.83376915,,,,,,,,0.00127027133353993
37.835143718,0.00127027133353993,,,,,,,
37.84015389,,,,,,0.00127027133353993,,
37.858839573,,,,,0.00127027133353993,,,
37.868677477,,0.00127027133353993,,,,,,
37.940239846,,,,0.00127027133353993,,,,
37.942899259,,,,,,,0.00127027133353993,
38.112318814,,,0.00121400925811605,,,,,
38.118817393,0.00121400925811605,,,,,,,
38.121733867,,,,,,,,0.00121400925811605
38.122992134,,,,0.00121400925811605,,,,
38.124563875,,,,,,,0.00121400925811605,
38.139274875,,0.00121400925811605,,,,,,
38.176643757,,,,,0.00121400925811605,,,
38.264985102,,,,,,0.00121400925811605,,
38.427887781,,,,0.00116049789645564,,,,
38.437515966,,,,,,0.00116049789645564,,
38.439690335,,,,,,,0.00116049789645564,
38.457568971,,,,,,,,0.00116049789645564
38.486207893,0.00116049789645564,,,,,,,
38.494577347,,,0.00116049789645564,,,,,
38.551644349,,,,,0.00116049789645564,,,
38.565714652,,0.00116049789645564,,,,,,
38.735354174,,,,,,0.00110933782562043,,
38.742356167,,,,,0.00110933782562043,,,
38.743383471,,0.00110933782562043,,,,,,
38.752683038,,,,,,,0.00110933782562043,
38.791257255,,,,0.00110933782562043,,,,
38.805597073,,,0.00110933782562043,,,,,
38.841793245,0.00110933782562043,,,,,,,
38.852961536,,,,,,,,0.00110933782562043
39.021975211,,0.00106027595237513,,,,,,
39.026146451,0.00106027595237513,,,,,,,
39.034558758,,,,,,,,0.00106027595237513
39.035835988,,,0.00106027595237513,,,,,
39.038879633,,,,,0.00106027595237513,,,
39.057676265,,,,,,0.00106027595237513,,
39.139841929,,,,0.00106027595237513,,,,
39.145550575,,,,,,,0.00106027595237513,
39.321761931,,,,,,,,0.00101322855534303
39.326598531,,,,,,,0.00101322855534303,
39.326813663,0.00101322855534303,,,,,,,
39.327500456,,,,0.00101322855534303,,,,
39.344933838,,0.00101322855534303,,,,,,
39.360141565,,,,,0.00101322855534303,,,
39.409561084,,,,,,0.00101322855534303,,
39.416657961,,,0.00101322855534303,,,,,
39.583662271,,,0.000968319641765828,,,,,
39.598537455,,,,,,,0.000968319641765828,
39.600591271,,,,0.000968319641765828,,,,
39.602762445,,,,,,0.000968319641765828,,
39.629652889,,,,,,,,0.000968319641765828
39.661737692,0.000968319641765828,,,,,,,
39.688610184,,0.000968319641765828,,,,,,
39.700559154,,,,,0.000968319641765828,,,
39.865608821,,0.000925519001396011,,,,,,
39.880625572,,,,,0.000925519001396011,,,
39.893084577,,,0.000925519001396011,,,,,
39.905565263,,,,,,,0.000925519001396011,
39.918082572,,,,0.000925519001396011,,,,
39.927437382,0.000925519001396011,,,,,,,
39.972359583,,,,,,0.000925519001396011,,
39.988029326,,,,,,,,0.000925519001396011
40.163513162,,,,,,0.000884604305985518,,
40.172352285,,,,,,,,0.000884604305985518
40.172709647,0.000884604305985518,,,,,,,
40.174863838,,,,,0.000884604305985518,,,
40.194727909,,0.000884604305985518,,,,,,
40.229990061,,,0.000884604305985518,,,,,
40.269357668,,,,0.000884604305985518,,,,
40.280596511,,,,,,,0.000884604305985518,
40.451790516,,,,,,,,0.000845611044658262
40.451849525,,,,0.000845611044658262,,,,
40.463689248,,,,,,,0.000845611044658262,
40.492642737,,,,,,0.000845611044658262,,
40.492650051,,,0.000845611044658262,,,,,
40.531782144,,,,,0.000845611044658262,,,
40.556615284,,0.000845611044658262,,,,,,
40.576197933,0.000845611044658262,,,,,,,
40.745827158,0.000807988012306263,,,,,,,
40.751130543,,,,,,,0.000807988012306263,
40.758857789,,0.000807988012306263,,,,,,
40.763792106,,,,0.000807988012306263,,,,
40.76641235,,,0.000807988012306263,,,,,
40.778965452,,,,,0.000807988012306263,,,
40.790502465,,,,,,,,0.000807988012306263
40.816342137,,,,,,0.000807988012306263,,
40.985447908,0.000772144466221443,,,,,,,
40.999834204,,0.000772144466221443,,,,,,
41.013799276,,,,,,,0.000772144466221443,
41.020667355,,,,,0.000772144466221443,,,
41.020823854,,,,0.000772144466221443,,,,
41.039764101,,,,,,0.000772144466221443,,
41.092104379,,,,,,,,0.000772144466221443
41.095031363,,,0.000772144466221443,,,,,
41.261166832,,,,,,,,0.000738375277444859
41.263322608,,,0.000738375277444859,,,,,
41.279613797,,,,,,0.000738375277444859,,
41.312088759,0.000738375277444859,,,,,,,
41.365539939,,0.000738375277444859,,,,,,
41.371463515,,,,,,,0.000738375277444859,
41.384998662,,,,,0.000738375277444859,,,
41.389609944,,,,0.000738375277444859,,,,
41.561188277,,,,,,,,0.000705857378709425
41.561521582,,0.000705857378709425,,,,,,
41.562856261,,,0.000705857378709425,,,,,
41.568648181,,,,0.000705857378709425,,,,
41.570429509,,,,,,,0.000705857378709425,
41.580219438,,,,,0.000705857378709425,,,
41.651367015,0.000705857378709425,,,,,,,
41.697918751,,,,,,0.000705857378709425,,
41.850000118,,,,0.000674432520939595,,,,
41.861562872,,,,,,,0.000674432520939595,
41.867867699,,0.000674432520939595,,,,,,
41.869160222,,,,,0.000674432520939595,,,
41.878017474,0.000674432520939595,,,,,,,
41.879071416,,,,,,0.000674432520939595,,
41.913030545,,,0.000674432520939595,,,,,
41.931328406,,,,,,,,0.000674432520939595
42.10533116,,,,,,0.000644456997368237,,
42.128517499,0.000644456997368237,,,,,,,
42.133090242,,,,0.000644456997368237,,,,
42.136195791,,,,,0.000644456997368237,,,
42.139286126,,,,,,,,0.000644456997368237
42.158964028,,,,,,,0.000644456997368237,
42.174823197,,,0.000644456997368237,,,,,
42.191451816,,0.000644456997368237,,,,,,
42.363212045,,0.000616036254062595,,,,,,
42.369126993,,,,,,,,0.000616036254062595
42.370134654,,,0.000616036254062595,,,,,
42.394542095,,,,,,0.000616036254062595,,
42.446187961,0.000616036254062595,,,,,,,
42.453151378,,,,0.000616036254062595,,,,
42.455767898,,,,,,,0.000616036254062595,
42.459388076,,,,,0.000616036254062595,,,
42.626615053,,0.000588883338244776,,,,,,
42.628922734,,,,0.000588883338244776,,,,
42.632874689,,,,,0.000588883338244776,,,
42.636363616,0.000588883338244776,,,,,,,
42.636826097,,,,,,,0.000588883338244776,
42.690092162,,,0.000588883338244776,,,,,
42.719953354,,,,,,0.000588883338244776,,
42.75575348,,,,,,,,0.000588883338244776
42.926926465,,,,0.000562712654453122,,,,
42.9284706,,,0.000562712654453122,,,,,
42.929005512,,,,,0.000562712654453122,,,
42.934146711,,,,,,0.000562712654453122,,
42.935448297,,,,,,,0.000562712654453122,
42.93823831,0.000562712654453122,,,,,,,
42.941626168,,,,,,,,0.000562712654453122
43.042312281,,0.000562712654453122,,,,,,
43.199813217,,,,,,,,0.000538040663560013
43.222775774,,0.000538040663560013,,,,,,
43.232285432,,,,,,0.000538040663560013,,
43.274688642,,,,,,,0.000538040663560013,
43.29466898,,,,0.000538040663560013,,,,
43.307489966,0.000538040663560013,,,,,,,
43.311512731,,,,,0.000538040663560013,,,
43.316708228,,,0.000538040663560013,,,,,
43.482564693,,,0.000514190145389365,,,,,
43.483934291,,,,0.000514190145389365,,,,
43.486140251,,,,,0.000514190145389365,,,
43.486418724,,0.000514190145389365,,,,,,
43.494153462,0.000514190145389365,,,,,,,
43.495995289,,,,,,,,0.000514190145389365
43.509090731,,,,,,,0.000514190145389365,
43.592727974,,,,,,0.000514190145389365,,
43.757844138,,,0.000491242662496985,,,,,
43.757903954,0.000491242662496985,,,,,,,
43.764632397,,,,,,0.000491242662496985,,
43.765699584,,,,,0.000491242662496985,,,
43.766336138,,,,0.000491242662496985,,,,
43.781621689,,,,,,,0.000491242662496985,
43.826482505,,0.000491242662496985,,,,,,
43.839943408,,,,,,,,0.000491242662496985
44.014231829,,,,,,0.000469735449914234,,
44.018135477,,,,,,,,0.000469735449914234
44.062396824,,,0.000469735449914234,,,,,
44.0902434,0.000469735449914234,,,,,,,
44.092507318,,0.000469735449914234,,,,,,
44.109455877,,,,,0.000469735449914234,,,
44.119838478,,,,0.000469735449914234,,,,
44.129887542,,,,,,,0.000469735449914234,
44.303899804,,,,,0.000449084810511214,,,
44.30717351,,,,0.000449084810511214,,,,
44.310119001,,0.000449084810511214,,,,,,
44.31500754,,,,,,,0.000449084810511214,
44.315449913,0.000449084810511214,,,,,,,
44.379990035,,,0.000449084810511214,,,,,
44.393901868,,,,,,0.000449084810511214,,
44.402274315,,,,,,,,0.000449084810511214
44.557484165,,,,,,,0.000429041957680729,
44.569161041,,,,0.000429041957680729,,,,
44.569662092,,,,,,,,0.000429041957680729
44.576108179,,,,,0.000429041957680729,,,
44.582764125,,,0.000429041957680729,,,,,
44.586664419,,,,,,0.000429041957680729,,
44.598642802,0.000429041957680729,,,,,,,
44.607416599,,0.000429041957680729,,,,,,
44.776700856,,,,,,,,0.000410041531689164
44.78701624,,,0.000410041531689164,,,,,
44.790291641,,,,,,0.000410041531689164,,
44.79731811,,,,,,,0.000410041531689164,
44.805125707,,,,0.000410041531689164,,,,
44.861575148,,0.000410041531689164,,,,,,
44.863185534,,,,,0.000410041531689164,,,
44.892814375,0.000410041531689164,,,,,,,
45.061137342,0.000392084295971635,,,,,,,
45.070568481,,,,,0.000392084295971635,,,
45.081558209,,0.000392084295971635,,,,,,
45.143353573,,,,,,,,0.000392084295971635
45.144148792,,,,0.000392084295971635,,,,
45.14415507,,,,,,,0.000392084295971635,
45.151558877,,,0.000392084295971635,,,,,
45.165161513,,,,,,0.000392084295971635,,
45.327203816,,,,,,,0.000374609078694117,
45.330756961,,0.000374609078694117,,,,,,
45.3322982,0.000374609078694117,,,,,,,
45.333693335,,,0.000374609078694117,,,,,
45.335218124,,,,,,0.000374609078694117,,
45.337640519,,,,,,,,0.000374609078694117
45.34219673,,,,,0.000374609078694117,,,
45.345001903,,,,0.000374609078694117,,,,
45.508928979,,,0.000357975616744145,,,,,
45.52234663,,,,,,0.000357975616744145,,
45.525269392,,,,,,,,0.000357975616744145
45.525921828,,,,0.000357975616744145,,,,
45.548745219,0.000357975616744145,,,,,,,
45.548990014,,,,,,,0.000357975616744145,
45.61012163,,0.000357975616744145,,,,,,
45.630488852,,,,,0.000357975616744145,,,
45.790945472,,0.000342380768632214,,,,,,
45.79749476,,,,,0.000342380768632214,,,
45.877477079,,,,0.000342380768632214,,,,
45.882026895,0.000342380768632214,,,,,,,
45.884929929,,,,,,0.000342380768632214,,
45.885009098,,,0.000342380768632214,,,,,
45.901478537,,,,,,,0.000342380768632214,
45.909452321,,,,,,,,0.000342380768632214
46.072988815,,,,,,,0.000327157983786124,
46.07720128,,,,,,,,0.000327157983786124
46.077251805,,,,0.000327157983786124,,,,
46.079104907,0.000327157983786124,,,,,,,
46.079621953,,,,,0.000327157983786124,,,
46.080807847,,,0.000327157983786124,,,,,
46.080955486,,0.000327157983786124,,,,,,
46.085495847,,,,,,0.000327157983786124,,
46.242764896,,,,,,,,0.00031256153322807
46.255169329,,,,0.00031256153322807,,,,
46.257361351,0.00031256153322807,,,,,,,
46.261211794,,,,,,,0.00031256153322807,
46.261679596,,,0.00031256153322807,,,,,
46.273923512,,,,,,0.00031256153322807,,
46.313137164,,,,,0.00031256153322807,,,
46.344982691,,0.00031256153322807,,,,,,
46.518224721,,0.000298913641686997,,,,,,
46.534071961,,,,,,,,0.000298913641686997
46.567701259,,,,,0.000298913641686997,,,
46.597116684,,,,,,,0.000298913641686997,
46.599832381,0.000298913641686997,,,,,,,
46.600881942,,,0.000298913641686997,,,,,
46.623013498,,,,0.000298913641686997,,,,
46.634273231,,,,,,0.000298913641686997,,
46.800942429,,0.000285670080482941,,,,,,
46.801151931,,,,0.000285670080482941,,,,
46.805708258,,,,,,,0.000285670080482941,
46.805770087,0.000285670080482941,,,,,,,
46.812444786,,,,,,0.000285670080482941,,
46.81266573,,,0.000285670080482941,,,,,
46.82958465,,,,,0.000285670080482941,,,
46.871094379,,,,,,,,0.000285670080482941
47.029046215,,,,0.000272972248245819,,,,
47.030684875,,,,,,0.000272972248245819,,
47.035046641,,,0.000272972248245819,,,,,
47.038803936,0.000272972248245819,,,,,,,
47.040211038,,,,,,,,0.000272972248245819
47.052321424,,,,,,,0.000272972248245819,
47.135091134,,0.000272972248245819,,,,,,
47.141067245,,,,,0.000272972248245819,,,
47.311348073,,0.000261039174520536,,,,,,
47.313183505,,,,,0.000261039174520536,,,
47.347986476,,,,0.000261039174520536,,,,
47.368890386,,,,,,0.000261039174520536,,
47.392272534,0.000261039174520536,,,,,,,
47.398725228,,,0.000261039174520536,,,,,
47.40701162,,,,,,,0.000261039174520536,
47.40702625,,,,,,,,0.000261039174520536
47.570868728,,,0.000249450917646789,,,,,
47.578280551,0.000249450917646789,,,,,,,
47.579745518,,,,,,,0.000249450917646789,
47.580078652,,,,,,,,0.000249450917646789
47.580942704,,0.000249450917646789,,,,,,
47.584586737,,,,,0.000249450917646789,,,
47.596985754,,,,,,0.000249450917646789,,
47.655538297,,,,0.000249450917646789,,,,
47.82462267,,,0.000238378102764951,,,,,
47.827697802,0.000238378102764951,,,,,,,
47.829451803,,,,,,,,0.000238378102764951
47.832262799,,,,,,,0.000238378102764951,
47.842526068,,,,0.000238378102764951,,,,
47.890490101,,,,,0.000238378102764951,,,
47.898597677,,,,,,0.000238378102764951,,
47.915687932,,0.000238378102764951,,,,,,
48.088474293,,0.000227842627897939,,,,,,
48.089930217,,,,,,0.000227842627897939,,
48.096402443,,,,,0.000227842627897939,,,
48.101003579,,,,0.000227842627897939,,,,
48.150254201,,,,,,,0.000227842627897939,
48.15341828,,,0.000227842627897939,,,,,
48.154115168,,,,,,,,0.000227842627897939
48.173789581,0.000227842627897939,,,,,,,
48.337882376,,,0.000217789287023816,,,,,
48.338766567,,,,,,,0.000217789287023816,
48.340128609,0.000217789287023816,,,,,,,
48.343254061,,0.000217789287023816,,,,,,
48.346601938,,,,,,,,0.000217789287023816
48.430376613,,,,,0.000217789287023816,,,
48.436791095,,,,0.000217789287023816,,,,
48.439859848,,,,,,0.000217789287023816,,
48.609178209,,,,,0.00020818231611814,,,
48.610642339,,,,,,0.00020818231611814,,
48.611468179,0.00020818231611814,,,,,,,
48.613878645,,,,0.00020818231611814,,,,
48.639086899,,,0.00020818231611814,,,,,
48.666441974,,,,,,,0.00020818231611814,
48.69306996,,,,,,,,0.00020818231611814
48.696351263,,0.00020818231611814,,,,,,
48.859218994,,,,,,,,0.000198969555014208
48.862892912,,,,0.000198969555014208,,,,
48.863741859,,,,,,,0.000198969555014208,
48.867816994,,,,,,0.000198969555014208,,
48.868430015,,0.000198969555014208,,,,,,
48.868841371,,,,,0.000198969555014208,,,
48.958854799,0.000198969555014208,,,,,,,
48.962032952,,,0.000198969555014208,,,,,
49.132023948,0.00019020793955461,,,,,,,
49.137522261,,,,,,,,0.00019020793955461
49.138920758,,0.00019020793955461,,,,,,
49.139666771,,,0.00019020793955461,,,,,
49.19362291,,,,0.00019020793955461,,,,
49.195566293,,,,,,0.00019020793955461,,
49.222520286,,,,,,,0.00019020793955461,
49.225065078,,,,,0.00019020793955461,,,
49.379488575,,,,,,,0.000181789217791921,
49.388294042,,,,0.000181789217791921,,,,
49.393140758,,,0.000181789217791921,,,,,
49.394337701,0.000181789217791921,,,,,,,
49.395071302,,,,,0.000181789217791921,,,
49.408918154,,,,,,0.000181789217791921,,
49.477984632,,,,,,,,0.000181789217791921
49.484710129,,0.000181789217791921,,,,,,
49.649268564,,,,,,,0.000173771286652866,
49.649294754,,,,,0.000173771286652866,,,
49.650026327,,,,,,,,0.000173771286652866
49.652946727,,0.000173771286652866,,,,,,
49.699057698,,,0.000173771286652866,,,,,
49.740474165,,,,0.000173771286652866,,,,
49.741648937,,,,,,0.000173771286652866,,
49.743313371,0.000173771286652866,,,,,,,
49.905618771,,,,,,,,0.000166092694914627
49.907505946,,,,0.000166092694914627,,,,
49.910226341,0.000166092694914627,,,,,,,
49.913472442,,0.000166092694914627,,,,,,
49.918175195,,,,,,0.000166092694914627,,
49.964492131,,,0.000166092694914627,,,,,
49.999758041,,,,,,,0.000166092694914627,
50.000315527,,,,,0.000166092694914627,,,
50.157513133,,,,,,,0.000158728511695536,
50.164394224,,,0.000158728511695536,,,,,
50.171478703,,,,,0.000158728511695536,,,
50.173001744,,,,0.000158728511695536,,,,
50.177788932,0.000158728511695536,,,,,,,
50.187835422,,,,,,0.000158728511695536,,
50.247249813,,,,,,,,0.000158728511695536
50.261191223,,0.000158728511695536,,,,,,
50.414118224,,,,,,,,0.000151752283753385
50.423823738,,,,,,,0.000151752283753385,
50.429888179,,,,,0.000151752283753385,,,
50.430102835,,0.000151752283753385,,,,,,
50.486188524,,,,0.000151752283753385,,,,
50.518756641,,,,,,0.000151752283753385,,
50.525864008,0.000151752283753385,,,,,,,
50.528060673,,,0.000151752283753385,,,,,
50.68449894,,,0.000145062118588631,,,,,
50.697392586,,,,0.000145062118588631,,,,
50.703882438,,,,,,0.000145062118588631,,
50.704836562,0.000145062118588631,,,,,,,
50.707778938,,0.000145062118588631,,,,,,
50.716257296,,,,,,,,0.000145062118588631
50.793008725,,,,,,,0.000145062118588631,
50.796526707,,,,,0.000145062118588631,,,
50.957585001,,,0.00013868283004256,,,,,
50.961712516,,,,,,,0.00013868283004256,
50.965968682,,,,,0.00013868283004256,,,
50.968443985,0.00013868283004256,,,,,,,
50.970703762,,,,,,0.00013868283004256,,
51.060892217,,0.00013868283004256,,,,,,
51.066571616,,,,,,,,0.00013868283004256
51.086223211,,,,0.00013868283004256,,,,
51.245832703,,,,0.00013256128855545,,,,
51.250364757,,0.00013256128855545,,,,,,
51.254229184,,,,,,,,0.00013256128855545
51.257168887,,,,,0.00013256128855545,,,
51.257633221,,,,,,,0.00013256128855545,
51.296856146,,,0.00013256128855545,,,,,
51.329760076,0.00013256128855545,,,,,,,
51.349476726,,,,,,0.00013256128855545,,
51.504158293,,,,0.000126684629595858,,,,
51.515899907,,,,,,,,0.000126684629595858
51.519035868,0.000126684629595858,,,,,,,
51.522526447,,0.000126684629595858,,,,,,
51.523840889,,,,,,0.000126684629595858,,
51.564202674,,,,,,,0.000126684629595858,
51.587421788,,,0.000126684629595858,,,,,
51.607623196,,,,,0.000126684629595858,,,
51.775382969,,,,,0.000121070848534616,,,
51.781551317,,,,,,0.000121070848534616,,
51.78272228,,,0.000121070848534616,,,,,
51.789888689,,,,,,,0.000121070848534616,
51.796588738,,,,0.000121070848534616,,,,
51.816039704,,,,,,,,0.000121070848534616
51.833406672,0.000121070848534616,,,,,,,
51.881461336,,0.000121070848534616,,,,,,
52.05103965,,,,,0.000115747473857954,,,
52.052798,,0.000115747473857954,,,,,,
52.060070341,0.000115747473857954,,,,,,,
52.108412233,,,,,,,,0.000115747473857954
52.120931844,,,,0.000115747473857954,,,,
52.12492125,,,0.000115747473857954,,,,,
52.136941888,,,,,,,0.000115747473857954,
52.141630052,,,,,,0.000115747473857954,,
52.298741874,,,0.000110639738801433,,,,,
52.309197976,,,,,,,,0.000110639738801433
52.31217027,,0.000110639738801433,,,,,,
52.312996046,,,,,,0.000110639738801433,,
52.316044484,,,,0.000110639738801433,,,,
52.316627665,,,,,,,0.000110639738801433,
52.403025755,,,,,0.000110639738801433,,,
52.40926661,0.000110639738801433,,,,,,,
52.574809168,,,,,,,0.000105743427732756,
52.57639527,,,,,0.000105743427732756,,,
52.576944882,0.000105743427732756,,,,,,,
52.582475887,,,,,,0.000105743427732756,,
52.597629991,,,,0.000105743427732756,,,,
52.59945731,,,0.000105743427732756,,,,,
52.649133524,,0.000105743427732756,,,,,,
52.67399072,,,,,,,,0.000105743427732756
52.841634124,,,,,0.000101096731052209,,,
52.844026866,,,,,,,,0.000101096731052209
52.847282406,,0.000101096731052209,,,,,,
52.849120658,0.000101096731052209,,,,,,,
52.896779068,,,0.000101096731052209,,,,,
52.925458142,,,,,,,0.000101096731052209,
52.95391686,,,,,,0.000101096731052209,,
52.957314301,,,,0.000101096731052209,,,,
53.120899835,,,,,,,9.66574218259621e-05,
53.128279405,,,,,,,,9.66574218259621e-05
53.135910209,,,,,,9.66574218259621e-05,,
53.136309509,,,,9.66574218259621e-05,,,,
53.146714844,,,9.66574218259621e-05,,,,,
53.20471441,9.66574218259621e-05,,,,,,,
53.21643194,,,,,9.66574218259621e-05,,,
53.223271282,,9.66574218259621e-05,,,,,,
